seed 1
seed 2
seed 3
seed 4
seed 5
seed 6
seed 7
seed 8
seed 9
seed 10
seed 11
seed 12
seed 13
seed 14
seed 15
seed 16
seed 17
seed 18
seed 19
seed 20
seed 21
seed 22
seed 23
seed 24
seed 25
seed 26
seed 27
seed 28
seed 29
seed 30
seed 31
seed 32
seed 33
seed 34
seed 35
seed 36
seed 37
seed 38
seed 39
seed 40
seed 41
seed 42
seed 43
seed 44
seed 45
seed 46
seed 47
seed 48
seed 49
seed 50
seed 51
seed 52
seed 53
seed 54
seed 55
seed 56
seed 57
seed 58
seed 59
seed 60
seed 61
seed 62
seed 63
seed 64
seed 65
seed 66
seed 67
seed 68
seed 69
seed 70
seed 71
seed 72
seed 73
seed 74
seed 75
seed 76
seed 77
seed 78
seed 79
seed 80
seed 81
seed 82
seed 83
seed 84
seed 85
seed 86
seed 87
seed 88
seed 89
seed 90
seed 91
seed 92
seed 93
seed 94
seed 95
seed 96
seed 97
seed 98
seed 99
seed 100
seed 101
seed 102
seed 103
seed 104
seed 105
seed 106
seed 107
seed 108
seed 109
seed 110
seed 111
seed 112
seed 113
seed 114
seed 115
seed 116
seed 117
seed 118
seed 119
seed 120
seed 121
seed 122
seed 123
seed 124
seed 125
seed 126
seed 127
seed 128
seed 129
seed 130
seed 131
seed 132
seed 133
seed 134
seed 135
seed 136
seed 137
seed 138
seed 139
seed 140
seed 141
seed 142
seed 143
seed 144
seed 145
seed 146
seed 147
seed 148
seed 149
seed 150
seed 151
seed 152
seed 153
seed 154
seed 155
seed 156
seed 157
seed 158
seed 159
seed 160
seed 161
seed 162
seed 163
seed 164
seed 165
seed 166
seed 167
seed 168
seed 169
seed 170
seed 171
seed 172
seed 173
seed 174
seed 175
seed 176
seed 177
seed 178
seed 179
seed 180
seed 181
seed 182
seed 183
seed 184
seed 185
seed 186
seed 187
seed 188
seed 189
seed 190
seed 191
seed 192
seed 193
seed 194
seed 195
seed 196
seed 197
seed 198
seed 199
seed 200
seed 201
seed 202
seed 203
seed 204
seed 205
seed 206
seed 207
seed 208
seed 209
seed 210
seed 211
seed 212
seed 213
seed 214
seed 215
seed 216
seed 217
seed 218
seed 219
seed 220
seed 221
seed 222
seed 223
seed 224
seed 225
seed 226
seed 227
seed 228
seed 229
seed 230
seed 231
seed 232
seed 233
seed 234
seed 235
seed 236
seed 237
seed 238
seed 239
seed 240
seed 241
seed 242
seed 243
seed 244
seed 245
seed 246
seed 247
seed 248
seed 249
seed 250
seed 251
seed 252
seed 253
seed 254
seed 255
seed 256
seed 257
seed 258
seed 259
seed 260
seed 261
seed 262
seed 263
seed 264
seed 265
seed 266
seed 267
seed 268
seed 269
seed 270
seed 271
seed 272
seed 273
seed 274
seed 275
seed 276
seed 277
seed 278
seed 279
seed 280
seed 281
seed 282
seed 283
seed 284
seed 285
seed 286
seed 287
seed 288
seed 289
seed 290
seed 291
seed 292
seed 293
seed 294
seed 295
seed 296
seed 297
seed 298
seed 299
seed 300
seed 301
seed 302
seed 303
seed 304
seed 305
seed 306
seed 307
seed 308
seed 309
seed 310
seed 311
seed 312
seed 313
seed 314
seed 315
seed 316
seed 317
seed 318
seed 319
seed 320
seed 321
seed 322
seed 323
seed 324
seed 325
seed 326
seed 327
seed 328
seed 329
seed 330
seed 331
seed 332
seed 333
seed 334
seed 335
seed 336
seed 337
seed 338
seed 339
seed 340
seed 341
seed 342
seed 343
seed 344
seed 345
seed 346
seed 347
seed 348
seed 349
seed 350
seed 351
seed 352
seed 353
seed 354
seed 355
seed 356
seed 357
seed 358
seed 359
seed 360
seed 361
seed 362
seed 363
seed 364
seed 365
seed 366
seed 367
seed 368
seed 369
seed 370
seed 371
seed 372
seed 373
seed 374
seed 375
seed 376
seed 377
seed 378
seed 379
seed 380
seed 381
seed 382
seed 383
seed 384
seed 385
seed 386
seed 387
seed 388
seed 389
seed 390
seed 391
seed 392
seed 393
seed 394
seed 395
seed 396
seed 397
seed 398
seed 399
seed 400
seed 401
seed 402
seed 403
seed 404
seed 405
seed 406
seed 407
seed 408
seed 409
seed 410
seed 411
seed 412
seed 413
seed 414
seed 415
seed 416
seed 417
seed 418
seed 419
seed 420
seed 421
seed 422
seed 423
seed 424
seed 425
seed 426
seed 427
seed 428
seed 429
seed 430
seed 431
seed 432
seed 433
seed 434
seed 435
seed 436
seed 437
seed 438
seed 439
seed 440
seed 441
seed 442
seed 443
seed 444
seed 445
seed 446
seed 447
seed 448
seed 449
seed 450
seed 451
seed 452
seed 453
seed 454
seed 455
seed 456
seed 457
seed 458
seed 459
seed 460
seed 461
seed 462
seed 463
seed 464
seed 465
seed 466
seed 467
seed 468
seed 469
seed 470
seed 471
seed 472
seed 473
seed 474
seed 475
seed 476
seed 477
seed 478
seed 479
seed 480
seed 481
seed 482
seed 483
seed 484
seed 485
seed 486
seed 487
seed 488
seed 489
seed 490
seed 491
seed 492
seed 493
seed 494
seed 495
seed 496
seed 497
seed 498
seed 499
seed 500
seed 501
seed 502
seed 503
seed 504
seed 505
seed 506
seed 507
seed 508
seed 509
seed 510
seed 511
seed 512
seed 513
seed 514
seed 515
seed 516
seed 517
seed 518
seed 519
seed 520
seed 521
seed 522
seed 523
seed 524
seed 525
seed 526
seed 527
seed 528
seed 529
seed 530
seed 531
seed 532
seed 533
seed 534
seed 535
seed 536
seed 537
seed 538
seed 539
seed 540
seed 541
seed 542
seed 543
seed 544
seed 545
seed 546
seed 547
seed 548
seed 549
seed 550
seed 551
seed 552
seed 553
seed 554
seed 555
seed 556
seed 557
seed 558
seed 559
seed 560
seed 561
seed 562
seed 563
seed 564
seed 565
seed 566
seed 567
seed 568
seed 569
seed 570
seed 571
seed 572
seed 573
seed 574
seed 575
seed 576
seed 577
seed 578
seed 579
seed 580
seed 581
seed 582
seed 583
seed 584
seed 585
seed 586
seed 587
seed 588
seed 589
seed 590
seed 591
seed 592
seed 593
seed 594
seed 595
seed 596
seed 597
seed 598
seed 599
seed 600
seed 601
seed 602
seed 603
seed 604
seed 605
seed 606
seed 607
seed 608
seed 609
seed 610
seed 611
seed 612
seed 613
seed 614
seed 615
seed 616
seed 617
seed 618
seed 619
seed 620
seed 621
seed 622
seed 623
seed 624
seed 625
seed 626
seed 627
seed 628
seed 629
seed 630
seed 631
seed 632
seed 633
seed 634
seed 635
seed 636
seed 637
seed 638
seed 639
seed 640
seed 641
seed 642
seed 643
seed 644
seed 645
seed 646
seed 647
seed 648
seed 649
seed 650
seed 651
seed 652
seed 653
seed 654
seed 655
seed 656
seed 657
seed 658
seed 659
seed 660
seed 661
seed 662
seed 663
seed 664
seed 665
seed 666
seed 667
seed 668
seed 669
seed 670
seed 671
seed 672
seed 673
seed 674
seed 675
seed 676
seed 677
seed 678
seed 679
seed 680
seed 681
seed 682
seed 683
seed 684
seed 685
seed 686
seed 687
seed 688
seed 689
seed 690
seed 691
seed 692
seed 693
seed 694
seed 695
seed 696
seed 697
seed 698
seed 699
seed 700
seed 701
seed 702
seed 703
seed 704
seed 705
seed 706
seed 707
seed 708
seed 709
seed 710
seed 711
seed 712
seed 713
seed 714
seed 715
seed 716
seed 717
seed 718
seed 719
seed 720
seed 721
seed 722
seed 723
seed 724
seed 725
seed 726
seed 727
seed 728
seed 729
seed 730
seed 731
seed 732
seed 733
seed 734
seed 735
seed 736
seed 737
seed 738
seed 739
seed 740
seed 741
seed 742
seed 743
seed 744
seed 745
seed 746
seed 747
seed 748
seed 749
seed 750
seed 751
seed 752
seed 753
seed 754
seed 755
seed 756
seed 757
seed 758
seed 759
seed 760
seed 761
seed 762
seed 763
seed 764
seed 765
seed 766
seed 767
seed 768
seed 769
seed 770
seed 771
seed 772
seed 773
seed 774
seed 775
seed 776
seed 777
seed 778
seed 779
seed 780
seed 781
seed 782
seed 783
seed 784
seed 785
seed 786
seed 787
seed 788
seed 789
seed 790
seed 791
seed 792
seed 793
seed 794
seed 795
seed 796
seed 797
seed 798
seed 799
seed 800
seed 801
seed 802
seed 803
seed 804
seed 805
seed 806
seed 807
seed 808
seed 809
seed 810
seed 811
seed 812
seed 813
seed 814
seed 815
seed 816
seed 817
seed 818
seed 819
seed 820
seed 821
seed 822
seed 823
seed 824
seed 825
seed 826
seed 827
seed 828
seed 829
seed 830
seed 831
seed 832
seed 833
seed 834
seed 835
seed 836
seed 837
seed 838
seed 839
seed 840
seed 841
seed 842
seed 843
seed 844
seed 845
seed 846
seed 847
seed 848
seed 849
seed 850
seed 851
seed 852
seed 853
seed 854
seed 855
seed 856
seed 857
seed 858
seed 859
seed 860
seed 861
seed 862
seed 863
seed 864
seed 865
seed 866
seed 867
seed 868
seed 869
seed 870
seed 871
seed 872
seed 873
seed 874
seed 875
seed 876
seed 877
seed 878
seed 879
seed 880
seed 881
seed 882
seed 883
seed 884
seed 885
seed 886
seed 887
seed 888
seed 889
seed 890
seed 891
seed 892
seed 893
seed 894
seed 895
seed 896
seed 897
seed 898
seed 899
seed 900
seed 901
seed 902
seed 903
seed 904
seed 905
seed 906
seed 907
seed 908
seed 909
seed 910
seed 911
seed 912
seed 913
seed 914
seed 915
seed 916
seed 917
seed 918
seed 919
seed 920
seed 921
seed 922
seed 923
seed 924
seed 925
seed 926
seed 927
seed 928
seed 929
seed 930
seed 931
seed 932
seed 933
seed 934
seed 935
seed 936
seed 937
seed 938
seed 939
seed 940
seed 941
seed 942
seed 943
seed 944
seed 945
seed 946
seed 947
seed 948
seed 949
seed 950
seed 951
seed 952
seed 953
seed 954
seed 955
seed 956
seed 957
seed 958
seed 959
seed 960
seed 961
seed 962
seed 963
seed 964
seed 965
seed 966
seed 967
seed 968
seed 969
seed 970
seed 971
seed 972
seed 973
seed 974
seed 975
seed 976
seed 977
seed 978
seed 979
seed 980
seed 981
seed 982
seed 983
seed 984
seed 985
seed 986
seed 987
seed 988
seed 989
seed 990
seed 991
seed 992
seed 993
seed 994
seed 995
seed 996
seed 997
seed 998
seed 999
seed 1000
seed 1001
seed 1002
seed 1003
seed 1004
seed 1005
seed 1006
seed 1007
seed 1008
seed 1009
seed 1010
seed 1011
seed 1012
seed 1013
seed 1014
seed 1015
seed 1016
seed 1017
seed 1018
seed 1019
seed 1020
seed 1021
seed 1022
seed 1023
seed 1024
seed 1025
seed 1026
seed 1027
seed 1028
seed 1029
seed 1030
seed 1031
seed 1032
seed 1033
seed 1034
seed 1035
seed 1036
seed 1037
seed 1038
seed 1039
seed 1040
seed 1041
seed 1042
seed 1043
seed 1044
seed 1045
seed 1046
seed 1047
seed 1048
seed 1049
seed 1050
seed 1051
seed 1052
seed 1053
seed 1054
seed 1055
seed 1056
seed 1057
seed 1058
seed 1059
seed 1060
seed 1061
seed 1062
seed 1063
seed 1064
seed 1065
seed 1066
seed 1067
seed 1068
seed 1069
seed 1070
seed 1071
seed 1072
seed 1073
seed 1074
seed 1075
seed 1076
seed 1077
seed 1078
seed 1079
seed 1080
seed 1081
seed 1082
seed 1083
seed 1084
seed 1085
seed 1086
seed 1087
seed 1088
seed 1089
seed 1090
seed 1091
seed 1092
seed 1093
seed 1094
seed 1095
seed 1096
seed 1097
seed 1098
seed 1099
seed 1100
seed 1101
seed 1102
seed 1103
seed 1104
seed 1105
seed 1106
seed 1107
seed 1108
seed 1109
seed 1110
seed 1111
seed 1112
seed 1113
seed 1114
seed 1115
seed 1116
seed 1117
seed 1118
seed 1119
seed 1120
seed 1121
seed 1122
seed 1123
seed 1124
seed 1125
seed 1126
seed 1127
seed 1128
seed 1129
seed 1130
seed 1131
seed 1132
seed 1133
seed 1134
seed 1135
seed 1136
seed 1137
seed 1138
seed 1139
seed 1140
seed 1141
seed 1142
seed 1143
seed 1144
seed 1145
seed 1146
seed 1147
seed 1148
seed 1149
seed 1150
seed 1151
seed 1152
seed 1153
seed 1154
seed 1155
seed 1156
seed 1157
seed 1158
seed 1159
seed 1160
seed 1161
seed 1162
seed 1163
seed 1164
seed 1165
seed 1166
seed 1167
seed 1168
seed 1169
seed 1170
seed 1171
seed 1172
seed 1173
seed 1174
seed 1175
seed 1176
seed 1177
seed 1178
seed 1179
seed 1180
seed 1181
seed 1182
seed 1183
seed 1184
seed 1185
seed 1186
seed 1187
seed 1188
seed 1189
seed 1190
seed 1191
seed 1192
seed 1193
seed 1194
seed 1195
seed 1196
seed 1197
seed 1198
seed 1199
seed 1200
seed 1201
seed 1202
seed 1203
seed 1204
seed 1205
seed 1206
seed 1207
seed 1208
seed 1209
seed 1210
seed 1211
seed 1212
seed 1213
seed 1214
seed 1215
seed 1216
seed 1217
seed 1218
seed 1219
seed 1220
seed 1221
seed 1222
seed 1223
seed 1224
seed 1225
seed 1226
seed 1227
seed 1228
seed 1229
seed 1230
seed 1231
seed 1232
seed 1233
seed 1234
seed 1235
seed 1236
seed 1237
seed 1238
seed 1239
seed 1240
seed 1241
seed 1242
seed 1243
seed 1244
seed 1245
seed 1246
seed 1247
seed 1248
seed 1249
seed 1250
seed 1251
seed 1252
seed 1253
seed 1254
seed 1255
seed 1256
seed 1257
seed 1258
seed 1259
seed 1260
seed 1261
seed 1262
seed 1263
seed 1264
seed 1265
seed 1266
seed 1267
seed 1268
seed 1269
seed 1270
seed 1271
seed 1272
seed 1273
seed 1274
seed 1275
seed 1276
seed 1277
seed 1278
seed 1279
seed 1280
seed 1281
seed 1282
seed 1283
seed 1284
seed 1285
seed 1286
seed 1287
seed 1288
seed 1289
seed 1290
seed 1291
seed 1292
seed 1293
seed 1294
seed 1295
seed 1296
seed 1297
seed 1298
seed 1299
seed 1300
seed 1301
seed 1302
seed 1303
seed 1304
seed 1305
seed 1306
seed 1307
seed 1308
seed 1309
seed 1310
seed 1311
seed 1312
seed 1313
seed 1314
seed 1315
seed 1316
seed 1317
seed 1318
seed 1319
seed 1320
seed 1321
seed 1322
seed 1323
seed 1324
seed 1325
seed 1326
seed 1327
seed 1328
seed 1329
seed 1330
seed 1331
seed 1332
seed 1333
seed 1334
seed 1335
seed 1336
seed 1337
seed 1338
seed 1339
seed 1340
seed 1341
seed 1342
seed 1343
seed 1344
seed 1345
seed 1346
seed 1347
seed 1348
seed 1349
seed 1350
seed 1351
seed 1352
seed 1353
seed 1354
seed 1355
seed 1356
seed 1357
seed 1358
seed 1359
seed 1360
seed 1361
seed 1362
seed 1363
seed 1364
seed 1365
seed 1366
seed 1367
seed 1368
seed 1369
seed 1370
seed 1371
seed 1372
seed 1373
seed 1374
seed 1375
seed 1376
seed 1377
seed 1378
seed 1379
seed 1380
seed 1381
seed 1382
seed 1383
seed 1384
seed 1385
seed 1386
seed 1387
seed 1388
seed 1389
seed 1390
seed 1391
seed 1392
seed 1393
seed 1394
seed 1395
seed 1396
seed 1397
seed 1398
seed 1399
seed 1400
seed 1401
seed 1402
seed 1403
seed 1404
seed 1405
seed 1406
seed 1407
seed 1408
seed 1409
seed 1410
seed 1411
seed 1412
seed 1413
seed 1414
seed 1415
seed 1416
seed 1417
seed 1418
seed 1419
seed 1420
seed 1421
seed 1422
seed 1423
seed 1424
seed 1425
seed 1426
seed 1427
seed 1428
seed 1429
seed 1430
seed 1431
seed 1432
seed 1433
seed 1434
seed 1435
seed 1436
seed 1437
seed 1438
seed 1439
seed 1440
seed 1441
seed 1442
seed 1443
seed 1444
seed 1445
seed 1446
seed 1447
seed 1448
seed 1449
seed 1450
seed 1451
seed 1452
seed 1453
seed 1454
seed 1455
seed 1456
seed 1457
seed 1458
seed 1459
seed 1460
seed 1461
seed 1462
seed 1463
seed 1464
seed 1465
seed 1466
seed 1467
seed 1468
seed 1469
seed 1470
seed 1471
seed 1472
seed 1473
seed 1474
seed 1475
seed 1476
seed 1477
seed 1478
seed 1479
seed 1480
seed 1481
seed 1482
seed 1483
seed 1484
seed 1485
seed 1486
seed 1487
seed 1488
seed 1489
seed 1490
seed 1491
seed 1492
seed 1493
seed 1494
seed 1495
seed 1496
seed 1497
seed 1498
seed 1499
seed 1500
seed 1501
seed 1502
seed 1503
seed 1504
seed 1505
seed 1506
seed 1507
seed 1508
seed 1509
seed 1510
seed 1511
seed 1512
seed 1513
seed 1514
seed 1515
seed 1516
seed 1517
seed 1518
seed 1519
seed 1520
seed 1521
seed 1522
seed 1523
seed 1524
seed 1525
seed 1526
seed 1527
seed 1528
seed 1529
seed 1530
seed 1531
seed 1532
seed 1533
seed 1534
seed 1535
seed 1536
seed 1537
seed 1538
seed 1539
seed 1540
seed 1541
seed 1542
seed 1543
seed 1544
seed 1545
seed 1546
seed 1547
seed 1548
seed 1549
seed 1550
seed 1551
seed 1552
seed 1553
seed 1554
seed 1555
seed 1556
seed 1557
seed 1558
seed 1559
seed 1560
seed 1561
seed 1562
seed 1563
seed 1564
seed 1565
seed 1566
seed 1567
seed 1568
seed 1569
seed 1570
seed 1571
seed 1572
seed 1573
seed 1574
seed 1575
seed 1576
seed 1577
seed 1578
seed 1579
seed 1580
seed 1581
seed 1582
seed 1583
seed 1584
seed 1585
seed 1586
seed 1587
seed 1588
seed 1589
seed 1590
seed 1591
seed 1592
seed 1593
seed 1594
seed 1595
seed 1596
seed 1597
seed 1598
seed 1599
seed 1600
seed 1601
seed 1602
seed 1603
seed 1604
seed 1605
seed 1606
seed 1607
seed 1608
seed 1609
seed 1610
seed 1611
seed 1612
seed 1613
seed 1614
seed 1615
seed 1616
seed 1617
seed 1618
seed 1619
seed 1620
seed 1621
seed 1622
seed 1623
seed 1624
seed 1625
seed 1626
seed 1627
seed 1628
seed 1629
seed 1630
seed 1631
seed 1632
seed 1633
seed 1634
seed 1635
seed 1636
seed 1637
seed 1638
seed 1639
seed 1640
seed 1641
seed 1642
seed 1643
seed 1644
seed 1645
seed 1646
seed 1647
seed 1648
seed 1649
seed 1650
seed 1651
seed 1652
seed 1653
seed 1654
seed 1655
seed 1656
seed 1657
seed 1658
seed 1659
seed 1660
seed 1661
seed 1662
seed 1663
seed 1664
seed 1665
seed 1666
seed 1667
seed 1668
seed 1669
seed 1670
seed 1671
seed 1672
seed 1673
seed 1674
seed 1675
seed 1676
seed 1677
seed 1678
seed 1679
seed 1680
seed 1681
seed 1682
seed 1683
seed 1684
seed 1685
seed 1686
seed 1687
seed 1688
seed 1689
seed 1690
seed 1691
seed 1692
seed 1693
seed 1694
seed 1695
seed 1696
seed 1697
seed 1698
seed 1699
seed 1700
seed 1701
seed 1702
seed 1703
seed 1704
seed 1705
seed 1706
seed 1707
seed 1708
seed 1709
seed 1710
seed 1711
seed 1712
seed 1713
seed 1714
seed 1715
seed 1716
seed 1717
seed 1718
seed 1719
seed 1720
seed 1721
seed 1722
seed 1723
seed 1724
seed 1725
seed 1726
seed 1727
seed 1728
seed 1729
seed 1730
seed 1731
seed 1732
seed 1733
seed 1734
seed 1735
seed 1736
seed 1737
seed 1738
seed 1739
seed 1740
seed 1741
seed 1742
seed 1743
seed 1744
seed 1745
seed 1746
seed 1747
seed 1748
seed 1749
seed 1750
seed 1751
seed 1752
seed 1753
seed 1754
seed 1755
seed 1756
seed 1757
seed 1758
seed 1759
seed 1760
seed 1761
seed 1762
seed 1763
seed 1764
seed 1765
seed 1766
seed 1767
seed 1768
seed 1769
seed 1770
seed 1771
seed 1772
seed 1773
seed 1774
seed 1775
seed 1776
seed 1777
seed 1778
seed 1779
seed 1780
seed 1781
seed 1782
seed 1783
seed 1784
seed 1785
seed 1786
seed 1787
seed 1788
seed 1789
seed 1790
seed 1791
seed 1792
seed 1793
seed 1794
seed 1795
seed 1796
seed 1797
seed 1798
seed 1799
seed 1800
seed 1801
seed 1802
seed 1803
seed 1804
seed 1805
seed 1806
seed 1807
seed 1808
seed 1809
seed 1810
seed 1811
seed 1812
seed 1813
seed 1814
seed 1815
seed 1816
seed 1817
seed 1818
seed 1819
seed 1820
seed 1821
seed 1822
seed 1823
seed 1824
seed 1825
seed 1826
seed 1827
seed 1828
seed 1829
seed 1830
seed 1831
seed 1832
seed 1833
seed 1834
seed 1835
seed 1836
seed 1837
seed 1838
seed 1839
seed 1840
seed 1841
seed 1842
seed 1843
seed 1844
seed 1845
seed 1846
seed 1847
seed 1848
seed 1849
seed 1850
seed 1851
seed 1852
seed 1853
seed 1854
seed 1855
seed 1856
seed 1857
seed 1858
seed 1859
seed 1860
seed 1861
seed 1862
seed 1863
seed 1864
seed 1865
seed 1866
seed 1867
seed 1868
seed 1869
seed 1870
seed 1871
seed 1872
seed 1873
seed 1874
seed 1875
seed 1876
seed 1877
seed 1878
seed 1879
seed 1880
seed 1881
seed 1882
seed 1883
seed 1884
seed 1885
seed 1886
seed 1887
seed 1888
seed 1889
seed 1890
seed 1891
seed 1892
seed 1893
seed 1894
seed 1895
seed 1896
seed 1897
seed 1898
seed 1899
seed 1900
seed 1901
seed 1902
seed 1903
seed 1904
seed 1905
seed 1906
seed 1907
seed 1908
seed 1909
seed 1910
seed 1911
seed 1912
seed 1913
seed 1914
seed 1915
seed 1916
seed 1917
seed 1918
seed 1919
seed 1920
seed 1921
seed 1922
seed 1923
seed 1924
seed 1925
seed 1926
seed 1927
seed 1928
seed 1929
seed 1930
seed 1931
seed 1932
seed 1933
seed 1934
seed 1935
seed 1936
seed 1937
seed 1938
seed 1939
seed 1940
seed 1941
seed 1942
seed 1943
seed 1944
seed 1945
seed 1946
seed 1947
seed 1948
seed 1949
seed 1950
seed 1951
seed 1952
seed 1953
seed 1954
seed 1955
seed 1956
seed 1957
seed 1958
seed 1959
seed 1960
seed 1961
seed 1962
seed 1963
seed 1964
seed 1965
seed 1966
seed 1967
seed 1968
seed 1969
seed 1970
seed 1971
seed 1972
seed 1973
seed 1974
seed 1975
seed 1976
seed 1977
seed 1978
seed 1979
seed 1980
seed 1981
seed 1982
seed 1983
seed 1984
seed 1985
seed 1986
seed 1987
seed 1988
seed 1989
seed 1990
seed 1991
seed 1992
seed 1993
seed 1994
seed 1995
seed 1996
seed 1997
seed 1998
seed 1999
seed 2000
seed 2001
seed 2002
seed 2003
seed 2004
seed 2005
seed 2006
seed 2007
seed 2008
seed 2009
seed 2010
seed 2011
seed 2012
seed 2013
seed 2014
seed 2015
seed 2016
seed 2017
seed 2018
seed 2019
seed 2020
seed 2021
seed 2022
seed 2023
seed 2024
seed 2025
seed 2026
seed 2027
seed 2028
seed 2029
seed 2030
seed 2031
seed 2032
seed 2033
seed 2034
seed 2035
seed 2036
seed 2037
seed 2038
seed 2039
seed 2040
seed 2041
seed 2042
seed 2043
seed 2044
seed 2045
seed 2046
seed 2047
seed 2048
seed 2049
seed 2050
seed 2051
seed 2052
seed 2053
seed 2054
seed 2055
seed 2056
seed 2057
seed 2058
seed 2059
seed 2060
seed 2061
seed 2062
seed 2063
seed 2064
seed 2065
seed 2066
seed 2067
seed 2068
seed 2069
seed 2070
seed 2071
seed 2072
seed 2073
seed 2074
seed 2075
seed 2076
seed 2077
seed 2078
seed 2079
seed 2080
seed 2081
seed 2082
seed 2083
seed 2084
seed 2085
seed 2086
seed 2087
seed 2088
seed 2089
seed 2090
seed 2091
seed 2092
seed 2093
seed 2094
seed 2095
seed 2096
seed 2097
seed 2098
seed 2099
seed 2100
seed 2101
seed 2102
seed 2103
seed 2104
seed 2105
seed 2106
seed 2107
seed 2108
seed 2109
seed 2110
seed 2111
seed 2112
seed 2113
seed 2114
seed 2115
seed 2116
seed 2117
seed 2118
seed 2119
seed 2120
seed 2121
seed 2122
seed 2123
seed 2124
seed 2125
seed 2126
seed 2127
seed 2128
seed 2129
seed 2130
seed 2131
seed 2132
seed 2133
seed 2134
seed 2135
seed 2136
seed 2137
seed 2138
seed 2139
seed 2140
seed 2141
seed 2142
seed 2143
seed 2144
seed 2145
seed 2146
seed 2147
seed 2148
seed 2149
seed 2150
seed 2151
seed 2152
seed 2153
seed 2154
seed 2155
seed 2156
seed 2157
seed 2158
seed 2159
seed 2160
seed 2161
seed 2162
seed 2163
seed 2164
seed 2165
seed 2166
seed 2167
seed 2168
seed 2169
seed 2170
seed 2171
seed 2172
seed 2173
seed 2174
seed 2175
seed 2176
seed 2177
seed 2178
seed 2179
seed 2180
seed 2181
seed 2182
seed 2183
seed 2184
seed 2185
seed 2186
seed 2187
seed 2188
seed 2189
seed 2190
seed 2191
seed 2192
seed 2193
seed 2194
seed 2195
seed 2196
seed 2197
seed 2198
seed 2199
seed 2200
seed 2201
seed 2202
seed 2203
seed 2204
seed 2205
seed 2206
seed 2207
seed 2208
seed 2209
seed 2210
seed 2211
seed 2212
seed 2213
seed 2214
seed 2215
seed 2216
seed 2217
seed 2218
seed 2219
seed 2220
seed 2221
seed 2222
seed 2223
seed 2224
seed 2225
seed 2226
seed 2227
seed 2228
seed 2229
seed 2230
seed 2231
seed 2232
seed 2233
seed 2234
seed 2235
seed 2236
seed 2237
seed 2238
seed 2239
seed 2240
seed 2241
seed 2242
seed 2243
seed 2244
seed 2245
seed 2246
seed 2247
seed 2248
seed 2249
seed 2250
seed 2251
seed 2252
seed 2253
seed 2254
seed 2255
seed 2256
seed 2257
seed 2258
seed 2259
seed 2260
seed 2261
seed 2262
seed 2263
seed 2264
seed 2265
seed 2266
seed 2267
seed 2268
seed 2269
seed 2270
seed 2271
seed 2272
seed 2273
seed 2274
seed 2275
seed 2276
seed 2277
seed 2278
seed 2279
seed 2280
seed 2281
seed 2282
seed 2283
seed 2284
seed 2285
seed 2286
seed 2287
seed 2288
seed 2289
seed 2290
seed 2291
seed 2292
seed 2293
seed 2294
seed 2295
seed 2296
seed 2297
seed 2298
seed 2299
seed 2300
seed 2301
seed 2302
seed 2303
seed 2304
seed 2305
seed 2306
seed 2307
seed 2308
seed 2309
seed 2310
seed 2311
seed 2312
seed 2313
seed 2314
seed 2315
seed 2316
seed 2317
seed 2318
seed 2319
seed 2320
seed 2321
seed 2322
seed 2323
seed 2324
seed 2325
seed 2326
seed 2327
seed 2328
seed 2329
seed 2330
seed 2331
seed 2332
seed 2333
seed 2334
seed 2335
seed 2336
seed 2337
seed 2338
seed 2339
seed 2340
seed 2341
seed 2342
seed 2343
seed 2344
seed 2345
seed 2346
seed 2347
seed 2348
seed 2349
seed 2350
seed 2351
seed 2352
seed 2353
seed 2354
seed 2355
seed 2356
seed 2357
seed 2358
seed 2359
seed 2360
seed 2361
seed 2362
seed 2363
seed 2364
seed 2365
seed 2366
seed 2367
seed 2368
seed 2369
seed 2370
seed 2371
seed 2372
seed 2373
seed 2374
seed 2375
seed 2376
seed 2377
seed 2378
seed 2379
seed 2380
seed 2381
seed 2382
seed 2383
seed 2384
seed 2385
seed 2386
seed 2387
seed 2388
seed 2389
seed 2390
seed 2391
seed 2392
seed 2393
seed 2394
seed 2395
seed 2396
seed 2397
seed 2398
seed 2399
seed 2400
seed 2401
seed 2402
seed 2403
seed 2404
seed 2405
seed 2406
seed 2407
seed 2408
seed 2409
seed 2410
seed 2411
seed 2412
seed 2413
seed 2414
seed 2415
seed 2416
seed 2417
seed 2418
seed 2419
seed 2420
seed 2421
seed 2422
seed 2423
seed 2424
seed 2425
seed 2426
seed 2427
seed 2428
seed 2429
seed 2430
seed 2431
seed 2432
seed 2433
seed 2434
seed 2435
seed 2436
seed 2437
seed 2438
seed 2439
seed 2440
seed 2441
seed 2442
seed 2443
seed 2444
seed 2445
seed 2446
seed 2447
seed 2448
seed 2449
seed 2450
seed 2451
seed 2452
seed 2453
seed 2454
seed 2455
seed 2456
seed 2457
seed 2458
seed 2459
seed 2460
seed 2461
seed 2462
seed 2463
seed 2464
seed 2465
seed 2466
seed 2467
seed 2468
seed 2469
seed 2470
seed 2471
seed 2472
seed 2473
seed 2474
seed 2475
seed 2476
seed 2477
seed 2478
seed 2479
seed 2480
seed 2481
seed 2482
seed 2483
seed 2484
seed 2485
seed 2486
seed 2487
seed 2488
seed 2489
seed 2490
seed 2491
seed 2492
seed 2493
seed 2494
seed 2495
seed 2496
seed 2497
seed 2498
seed 2499
seed 2500
seed 2501
seed 2502
seed 2503
seed 2504
seed 2505
seed 2506
seed 2507
seed 2508
seed 2509
seed 2510
seed 2511
seed 2512
seed 2513
seed 2514
seed 2515
seed 2516
seed 2517
seed 2518
seed 2519
seed 2520
seed 2521
seed 2522
seed 2523
seed 2524
seed 2525
seed 2526
seed 2527
seed 2528
seed 2529
seed 2530
seed 2531
seed 2532
seed 2533
seed 2534
seed 2535
seed 2536
seed 2537
seed 2538
seed 2539
seed 2540
seed 2541
seed 2542
seed 2543
seed 2544
seed 2545
seed 2546
seed 2547
seed 2548
seed 2549
seed 2550
seed 2551
seed 2552
seed 2553
seed 2554
seed 2555
seed 2556
seed 2557
seed 2558
seed 2559
seed 2560
seed 2561
seed 2562
seed 2563
seed 2564
seed 2565
seed 2566
seed 2567
seed 2568
seed 2569
seed 2570
seed 2571
seed 2572
seed 2573
seed 2574
seed 2575
seed 2576
seed 2577
seed 2578
seed 2579
seed 2580
seed 2581
seed 2582
seed 2583
seed 2584
seed 2585
seed 2586
seed 2587
seed 2588
seed 2589
seed 2590
seed 2591
seed 2592
seed 2593
seed 2594
seed 2595
seed 2596
seed 2597
seed 2598
seed 2599
seed 2600
seed 2601
seed 2602
seed 2603
seed 2604
seed 2605
seed 2606
seed 2607
seed 2608
seed 2609
seed 2610
seed 2611
seed 2612
seed 2613
seed 2614
seed 2615
seed 2616
seed 2617
seed 2618
seed 2619
seed 2620
seed 2621
seed 2622
seed 2623
seed 2624
seed 2625
seed 2626
seed 2627
seed 2628
seed 2629
seed 2630
seed 2631
seed 2632
seed 2633
seed 2634
seed 2635
seed 2636
seed 2637
seed 2638
seed 2639
seed 2640
seed 2641
seed 2642
seed 2643
seed 2644
seed 2645
seed 2646
seed 2647
seed 2648
seed 2649
seed 2650
seed 2651
seed 2652
seed 2653
seed 2654
seed 2655
seed 2656
seed 2657
seed 2658
seed 2659
seed 2660
seed 2661
seed 2662
seed 2663
seed 2664
seed 2665
seed 2666
seed 2667
seed 2668
seed 2669
seed 2670
seed 2671
seed 2672
seed 2673
seed 2674
seed 2675
seed 2676
seed 2677
seed 2678
seed 2679
seed 2680
seed 2681
seed 2682
seed 2683
seed 2684
seed 2685
seed 2686
seed 2687
seed 2688
seed 2689
seed 2690
seed 2691
seed 2692
seed 2693
seed 2694
seed 2695
seed 2696
seed 2697
seed 2698
seed 2699
seed 2700
seed 2701
seed 2702
seed 2703
seed 2704
seed 2705
seed 2706
seed 2707
seed 2708
seed 2709
seed 2710
seed 2711
seed 2712
seed 2713
seed 2714
seed 2715
seed 2716
seed 2717
seed 2718
seed 2719
seed 2720
seed 2721
seed 2722
seed 2723
seed 2724
seed 2725
seed 2726
seed 2727
seed 2728
seed 2729
seed 2730
seed 2731
seed 2732
seed 2733
seed 2734
seed 2735
seed 2736
seed 2737
seed 2738
seed 2739
seed 2740
seed 2741
seed 2742
seed 2743
seed 2744
seed 2745
seed 2746
seed 2747
seed 2748
seed 2749
seed 2750
seed 2751
seed 2752
seed 2753
seed 2754
seed 2755
seed 2756
seed 2757
seed 2758
seed 2759
seed 2760
seed 2761
seed 2762
seed 2763
seed 2764
seed 2765
seed 2766
seed 2767
seed 2768
seed 2769
seed 2770
seed 2771
seed 2772
seed 2773
seed 2774
seed 2775
seed 2776
seed 2777
seed 2778
seed 2779
seed 2780
seed 2781
seed 2782
seed 2783
seed 2784
seed 2785
seed 2786
seed 2787
seed 2788
seed 2789
seed 2790
seed 2791
seed 2792
seed 2793
seed 2794
seed 2795
seed 2796
seed 2797
seed 2798
seed 2799
seed 2800
seed 2801
seed 2802
seed 2803
seed 2804
seed 2805
seed 2806
seed 2807
seed 2808
seed 2809
seed 2810
seed 2811
seed 2812
seed 2813
seed 2814
seed 2815
seed 2816
seed 2817
seed 2818
seed 2819
seed 2820
seed 2821
seed 2822
seed 2823
seed 2824
seed 2825
seed 2826
seed 2827
seed 2828
seed 2829
seed 2830
seed 2831
seed 2832
seed 2833
seed 2834
seed 2835
seed 2836
seed 2837
seed 2838
seed 2839
seed 2840
seed 2841
seed 2842
seed 2843
seed 2844
seed 2845
seed 2846
seed 2847
seed 2848
seed 2849
seed 2850
seed 2851
seed 2852
seed 2853
seed 2854
seed 2855
seed 2856
seed 2857
seed 2858
seed 2859
seed 2860
seed 2861
seed 2862
seed 2863
seed 2864
seed 2865
seed 2866
seed 2867
seed 2868
seed 2869
seed 2870
seed 2871
seed 2872
seed 2873
seed 2874
seed 2875
seed 2876
seed 2877
seed 2878
seed 2879
seed 2880
seed 2881
seed 2882
seed 2883
seed 2884
seed 2885
seed 2886
seed 2887
seed 2888
seed 2889
seed 2890
seed 2891
seed 2892
seed 2893
seed 2894
seed 2895
seed 2896
seed 2897
seed 2898
seed 2899
seed 2900
seed 2901
seed 2902
seed 2903
seed 2904
seed 2905
seed 2906
seed 2907
seed 2908
seed 2909
seed 2910
seed 2911
seed 2912
seed 2913
seed 2914
seed 2915
seed 2916
seed 2917
seed 2918
seed 2919
seed 2920
seed 2921
seed 2922
seed 2923
seed 2924
seed 2925
seed 2926
seed 2927
seed 2928
seed 2929
seed 2930
seed 2931
seed 2932
seed 2933
seed 2934
seed 2935
seed 2936
seed 2937
seed 2938
seed 2939
seed 2940
seed 2941
seed 2942
seed 2943
seed 2944
seed 2945
seed 2946
seed 2947
seed 2948
seed 2949
seed 2950
seed 2951
seed 2952
seed 2953
seed 2954
seed 2955
seed 2956
seed 2957
seed 2958
seed 2959
seed 2960
seed 2961
seed 2962
seed 2963
seed 2964
seed 2965
seed 2966
seed 2967
seed 2968
seed 2969
seed 2970
seed 2971
seed 2972
seed 2973
seed 2974
seed 2975
seed 2976
seed 2977
seed 2978
seed 2979
seed 2980
seed 2981
seed 2982
seed 2983
seed 2984
seed 2985
seed 2986
seed 2987
seed 2988
seed 2989
seed 2990
seed 2991
seed 2992
seed 2993
seed 2994
seed 2995
seed 2996
seed 2997
seed 2998
seed 2999
seed 3000
seed 3001
seed 3002
seed 3003
seed 3004
seed 3005
seed 3006
seed 3007
seed 3008
seed 3009
seed 3010
seed 3011
seed 3012
seed 3013
seed 3014
seed 3015
seed 3016
seed 3017
seed 3018
seed 3019
seed 3020
seed 3021
seed 3022
seed 3023
seed 3024
seed 3025
seed 3026
seed 3027
seed 3028
seed 3029
seed 3030
seed 3031
seed 3032
seed 3033
seed 3034
seed 3035
seed 3036
seed 3037
seed 3038
seed 3039
seed 3040
seed 3041
seed 3042
seed 3043
seed 3044
seed 3045
seed 3046
seed 3047
seed 3048
seed 3049
seed 3050
seed 3051
seed 3052
seed 3053
seed 3054
seed 3055
seed 3056
seed 3057
seed 3058
seed 3059
seed 3060
seed 3061
seed 3062
seed 3063
seed 3064
seed 3065
seed 3066
seed 3067
seed 3068
seed 3069
seed 3070
seed 3071
seed 3072
seed 3073
seed 3074
seed 3075
seed 3076
seed 3077
seed 3078
seed 3079
seed 3080
seed 3081
seed 3082
seed 3083
seed 3084
seed 3085
seed 3086
seed 3087
seed 3088
seed 3089
seed 3090
seed 3091
seed 3092
seed 3093
seed 3094
seed 3095
seed 3096
seed 3097
seed 3098
seed 3099
seed 3100
seed 3101
seed 3102
seed 3103
seed 3104
seed 3105
seed 3106
seed 3107
seed 3108
seed 3109
seed 3110
seed 3111
seed 3112
seed 3113
seed 3114
seed 3115
seed 3116
seed 3117
seed 3118
seed 3119
seed 3120
seed 3121
seed 3122
seed 3123
seed 3124
seed 3125
seed 3126
seed 3127
seed 3128
seed 3129
seed 3130
seed 3131
seed 3132
seed 3133
seed 3134
seed 3135
seed 3136
seed 3137
seed 3138
seed 3139
seed 3140
seed 3141
seed 3142
seed 3143
seed 3144
seed 3145
seed 3146
seed 3147
seed 3148
seed 3149
seed 3150
seed 3151
seed 3152
seed 3153
seed 3154
seed 3155
seed 3156
seed 3157
seed 3158
seed 3159
seed 3160
seed 3161
seed 3162
seed 3163
seed 3164
seed 3165
seed 3166
seed 3167
seed 3168
seed 3169
seed 3170
seed 3171
seed 3172
seed 3173
seed 3174
seed 3175
seed 3176
seed 3177
seed 3178
seed 3179
seed 3180
seed 3181
seed 3182
seed 3183
seed 3184
seed 3185
seed 3186
seed 3187
seed 3188
seed 3189
seed 3190
seed 3191
seed 3192
seed 3193
seed 3194
seed 3195
seed 3196
seed 3197
seed 3198
seed 3199
seed 3200
seed 3201
seed 3202
seed 3203
seed 3204
seed 3205
seed 3206
seed 3207
seed 3208
seed 3209
seed 3210
seed 3211
seed 3212
seed 3213
seed 3214
seed 3215
seed 3216
seed 3217
seed 3218
seed 3219
seed 3220
seed 3221
seed 3222
seed 3223
seed 3224
seed 3225
seed 3226
seed 3227
seed 3228
seed 3229
seed 3230
seed 3231
seed 3232
seed 3233
seed 3234
seed 3235
seed 3236
seed 3237
seed 3238
seed 3239
seed 3240
seed 3241
seed 3242
seed 3243
seed 3244
seed 3245
seed 3246
seed 3247
seed 3248
seed 3249
seed 3250
seed 3251
seed 3252
seed 3253
seed 3254
seed 3255
seed 3256
seed 3257
seed 3258
seed 3259
seed 3260
seed 3261
seed 3262
seed 3263
seed 3264
seed 3265
seed 3266
seed 3267
seed 3268
seed 3269
seed 3270
seed 3271
seed 3272
seed 3273
seed 3274
seed 3275
seed 3276
seed 3277
seed 3278
seed 3279
seed 3280
seed 3281
seed 3282
seed 3283
seed 3284
seed 3285
seed 3286
seed 3287
seed 3288
seed 3289
seed 3290
seed 3291
seed 3292
seed 3293
seed 3294
seed 3295
seed 3296
seed 3297
seed 3298
seed 3299
seed 3300
seed 3301
seed 3302
seed 3303
seed 3304
seed 3305
seed 3306
seed 3307
seed 3308
seed 3309
seed 3310
seed 3311
seed 3312
seed 3313
seed 3314
seed 3315
seed 3316
seed 3317
seed 3318
seed 3319
seed 3320
seed 3321
seed 3322
seed 3323
seed 3324
seed 3325
seed 3326
seed 3327
seed 3328
seed 3329
seed 3330
seed 3331
seed 3332
seed 3333
seed 3334
seed 3335
seed 3336
seed 3337
seed 3338
seed 3339
seed 3340
seed 3341
seed 3342
seed 3343
seed 3344
seed 3345
seed 3346
seed 3347
seed 3348
seed 3349
seed 3350
seed 3351
seed 3352
seed 3353
seed 3354
seed 3355
seed 3356
seed 3357
seed 3358
seed 3359
seed 3360
seed 3361
seed 3362
seed 3363
seed 3364
seed 3365
seed 3366
seed 3367
seed 3368
seed 3369
seed 3370
seed 3371
seed 3372
seed 3373
seed 3374
seed 3375
seed 3376
seed 3377
seed 3378
seed 3379
seed 3380
seed 3381
seed 3382
seed 3383
seed 3384
seed 3385
seed 3386
seed 3387
seed 3388
seed 3389
seed 3390
seed 3391
seed 3392
seed 3393
seed 3394
seed 3395
seed 3396
seed 3397
seed 3398
seed 3399
seed 3400
seed 3401
seed 3402
seed 3403
seed 3404
seed 3405
seed 3406
seed 3407
seed 3408
seed 3409
seed 3410
seed 3411
seed 3412
seed 3413
seed 3414
seed 3415
seed 3416
seed 3417
seed 3418
seed 3419
seed 3420
seed 3421
seed 3422
seed 3423
seed 3424
seed 3425
seed 3426
seed 3427
seed 3428
seed 3429
seed 3430
seed 3431
seed 3432
seed 3433
seed 3434
seed 3435
seed 3436
seed 3437
seed 3438
seed 3439
seed 3440
seed 3441
seed 3442
seed 3443
seed 3444
seed 3445
seed 3446
seed 3447
seed 3448
seed 3449
seed 3450
seed 3451
seed 3452
seed 3453
seed 3454
seed 3455
seed 3456
seed 3457
seed 3458
seed 3459
seed 3460
seed 3461
seed 3462
seed 3463
seed 3464
seed 3465
seed 3466
seed 3467
seed 3468
seed 3469
seed 3470
seed 3471
seed 3472
seed 3473
seed 3474
seed 3475
seed 3476
seed 3477
seed 3478
seed 3479
seed 3480
seed 3481
seed 3482
seed 3483
seed 3484
seed 3485
seed 3486
seed 3487
seed 3488
seed 3489
seed 3490
seed 3491
seed 3492
seed 3493
seed 3494
seed 3495
seed 3496
seed 3497
seed 3498
seed 3499
seed 3500
seed 3501
seed 3502
seed 3503
seed 3504
seed 3505
seed 3506
seed 3507
seed 3508
seed 3509
seed 3510
seed 3511
seed 3512
seed 3513
seed 3514
seed 3515
seed 3516
seed 3517
seed 3518
seed 3519
seed 3520
seed 3521
seed 3522
seed 3523
seed 3524
seed 3525
seed 3526
seed 3527
seed 3528
seed 3529
seed 3530
seed 3531
seed 3532
seed 3533
seed 3534
seed 3535
seed 3536
seed 3537
seed 3538
seed 3539
seed 3540
seed 3541
seed 3542
seed 3543
seed 3544
seed 3545
seed 3546
seed 3547
seed 3548
seed 3549
seed 3550
seed 3551
seed 3552
seed 3553
seed 3554
seed 3555
seed 3556
seed 3557
seed 3558
seed 3559
seed 3560
seed 3561
seed 3562
seed 3563
seed 3564
seed 3565
seed 3566
seed 3567
seed 3568
seed 3569
seed 3570
seed 3571
seed 3572
seed 3573
seed 3574
seed 3575
seed 3576
seed 3577
seed 3578
seed 3579
seed 3580
seed 3581
seed 3582
seed 3583
seed 3584
seed 3585
seed 3586
seed 3587
seed 3588
seed 3589
seed 3590
seed 3591
seed 3592
seed 3593
seed 3594
seed 3595
seed 3596
seed 3597
seed 3598
seed 3599
seed 3600
seed 3601
seed 3602
seed 3603
seed 3604
seed 3605
seed 3606
seed 3607
seed 3608
seed 3609
seed 3610
seed 3611
seed 3612
seed 3613
seed 3614
seed 3615
seed 3616
seed 3617
seed 3618
seed 3619
seed 3620
seed 3621
seed 3622
seed 3623
seed 3624
seed 3625
seed 3626
seed 3627
seed 3628
seed 3629
seed 3630
seed 3631
seed 3632
seed 3633
seed 3634
seed 3635
seed 3636
seed 3637
seed 3638
seed 3639
seed 3640
seed 3641
seed 3642
seed 3643
seed 3644
seed 3645
seed 3646
seed 3647
seed 3648
seed 3649
seed 3650
seed 3651
seed 3652
seed 3653
seed 3654
seed 3655
seed 3656
seed 3657
seed 3658
seed 3659
seed 3660
seed 3661
seed 3662
seed 3663
seed 3664
seed 3665
seed 3666
seed 3667
seed 3668
seed 3669
seed 3670
seed 3671
seed 3672
seed 3673
seed 3674
seed 3675
seed 3676
seed 3677
seed 3678
seed 3679
seed 3680
seed 3681
seed 3682
seed 3683
seed 3684
seed 3685
seed 3686
seed 3687
seed 3688
seed 3689
seed 3690
seed 3691
seed 3692
seed 3693
seed 3694
seed 3695
seed 3696
seed 3697
seed 3698
seed 3699
seed 3700
seed 3701
seed 3702
seed 3703
seed 3704
seed 3705
seed 3706
seed 3707
seed 3708
seed 3709
seed 3710
seed 3711
seed 3712
seed 3713
seed 3714
seed 3715
seed 3716
seed 3717
seed 3718
seed 3719
seed 3720
seed 3721
seed 3722
seed 3723
seed 3724
seed 3725
seed 3726
seed 3727
seed 3728
seed 3729
seed 3730
seed 3731
seed 3732
seed 3733
seed 3734
seed 3735
seed 3736
seed 3737
seed 3738
seed 3739
seed 3740
seed 3741
seed 3742
seed 3743
seed 3744
seed 3745
seed 3746
seed 3747
seed 3748
seed 3749
seed 3750
seed 3751
seed 3752
seed 3753
seed 3754
seed 3755
seed 3756
seed 3757
seed 3758
seed 3759
seed 3760
seed 3761
seed 3762
seed 3763
seed 3764
seed 3765
seed 3766
seed 3767
seed 3768
seed 3769
seed 3770
seed 3771
seed 3772
seed 3773
seed 3774
seed 3775
seed 3776
seed 3777
seed 3778
seed 3779
seed 3780
seed 3781
seed 3782
seed 3783
seed 3784
seed 3785
seed 3786
seed 3787
seed 3788
seed 3789
seed 3790
seed 3791
seed 3792
seed 3793
seed 3794
seed 3795
seed 3796
seed 3797
seed 3798
seed 3799
seed 3800
seed 3801
seed 3802
seed 3803
seed 3804
seed 3805
seed 3806
seed 3807
seed 3808
seed 3809
seed 3810
seed 3811
seed 3812
seed 3813
seed 3814
seed 3815
seed 3816
seed 3817
seed 3818
seed 3819
seed 3820
seed 3821
seed 3822
seed 3823
seed 3824
seed 3825
seed 3826
seed 3827
seed 3828
seed 3829
seed 3830
seed 3831
seed 3832
seed 3833
seed 3834
seed 3835
seed 3836
seed 3837
seed 3838
seed 3839
seed 3840
seed 3841
seed 3842
seed 3843
seed 3844
seed 3845
seed 3846
seed 3847
seed 3848
seed 3849
seed 3850
seed 3851
seed 3852
seed 3853
seed 3854
seed 3855
seed 3856
seed 3857
seed 3858
seed 3859
seed 3860
seed 3861
seed 3862
seed 3863
seed 3864
seed 3865
seed 3866
seed 3867
seed 3868
seed 3869
seed 3870
seed 3871
seed 3872
seed 3873
seed 3874
seed 3875
seed 3876
seed 3877
seed 3878
seed 3879
seed 3880
seed 3881
seed 3882
seed 3883
seed 3884
seed 3885
seed 3886
seed 3887
seed 3888
seed 3889
seed 3890
seed 3891
seed 3892
seed 3893
seed 3894
seed 3895
seed 3896
seed 3897
seed 3898
seed 3899
seed 3900
seed 3901
seed 3902
seed 3903
seed 3904
seed 3905
seed 3906
seed 3907
seed 3908
seed 3909
seed 3910
seed 3911
seed 3912
seed 3913
seed 3914
seed 3915
seed 3916
seed 3917
seed 3918
seed 3919
seed 3920
seed 3921
seed 3922
seed 3923
seed 3924
seed 3925
seed 3926
seed 3927
seed 3928
seed 3929
seed 3930
seed 3931
seed 3932
seed 3933
seed 3934
seed 3935
seed 3936
seed 3937
seed 3938
seed 3939
seed 3940
seed 3941
seed 3942
seed 3943
seed 3944
seed 3945
seed 3946
seed 3947
seed 3948
seed 3949
seed 3950
seed 3951
seed 3952
seed 3953
seed 3954
seed 3955
seed 3956
seed 3957
seed 3958
seed 3959
seed 3960
seed 3961
seed 3962
seed 3963
seed 3964
seed 3965
seed 3966
seed 3967
seed 3968
seed 3969
seed 3970
seed 3971
seed 3972
seed 3973
seed 3974
seed 3975
seed 3976
seed 3977
seed 3978
seed 3979
seed 3980
seed 3981
seed 3982
seed 3983
seed 3984
seed 3985
seed 3986
seed 3987
seed 3988
seed 3989
seed 3990
seed 3991
seed 3992
seed 3993
seed 3994
seed 3995
seed 3996
seed 3997
seed 3998
seed 3999
seed 4000
seed 4001
seed 4002
seed 4003
seed 4004
seed 4005
seed 4006
seed 4007
seed 4008
seed 4009
seed 4010
seed 4011
seed 4012
seed 4013
seed 4014
seed 4015
seed 4016
seed 4017
seed 4018
seed 4019
seed 4020
seed 4021
seed 4022
seed 4023
seed 4024
seed 4025
seed 4026
seed 4027
seed 4028
seed 4029
seed 4030
seed 4031
seed 4032
seed 4033
seed 4034
seed 4035
seed 4036
seed 4037
seed 4038
seed 4039
seed 4040
seed 4041
seed 4042
seed 4043
seed 4044
seed 4045
seed 4046
seed 4047
seed 4048
seed 4049
seed 4050
seed 4051
seed 4052
seed 4053
seed 4054
seed 4055
seed 4056
seed 4057
seed 4058
seed 4059
seed 4060
seed 4061
seed 4062
seed 4063
seed 4064
seed 4065
seed 4066
seed 4067
seed 4068
seed 4069
seed 4070
seed 4071
seed 4072
seed 4073
seed 4074
seed 4075
seed 4076
seed 4077
seed 4078
seed 4079
seed 4080
seed 4081
seed 4082
seed 4083
seed 4084
seed 4085
seed 4086
seed 4087
seed 4088
seed 4089
seed 4090
seed 4091
seed 4092
seed 4093
seed 4094
seed 4095
seed 4096
seed 4097
seed 4098
seed 4099
seed 4100
seed 4101
seed 4102
seed 4103
seed 4104
seed 4105
seed 4106
seed 4107
seed 4108
seed 4109
seed 4110
seed 4111
seed 4112
seed 4113
seed 4114
seed 4115
seed 4116
seed 4117
seed 4118
seed 4119
seed 4120
seed 4121
seed 4122
seed 4123
seed 4124
seed 4125
seed 4126
seed 4127
seed 4128
seed 4129
seed 4130
seed 4131
seed 4132
seed 4133
seed 4134
seed 4135
seed 4136
seed 4137
seed 4138
seed 4139
seed 4140
seed 4141
seed 4142
seed 4143
seed 4144
seed 4145
seed 4146
seed 4147
seed 4148
seed 4149
seed 4150
seed 4151
seed 4152
seed 4153
seed 4154
seed 4155
seed 4156
seed 4157
seed 4158
seed 4159
seed 4160
seed 4161
seed 4162
seed 4163
seed 4164
seed 4165
seed 4166
seed 4167
seed 4168
seed 4169
seed 4170
seed 4171
seed 4172
seed 4173
seed 4174
seed 4175
seed 4176
seed 4177
seed 4178
seed 4179
seed 4180
seed 4181
seed 4182
seed 4183
seed 4184
seed 4185
seed 4186
seed 4187
seed 4188
seed 4189
seed 4190
seed 4191
seed 4192
seed 4193
seed 4194
seed 4195
seed 4196
seed 4197
seed 4198
seed 4199
seed 4200
seed 4201
seed 4202
seed 4203
seed 4204
seed 4205
seed 4206
seed 4207
seed 4208
seed 4209
seed 4210
seed 4211
seed 4212
seed 4213
seed 4214
seed 4215
seed 4216
seed 4217
seed 4218
seed 4219
seed 4220
seed 4221
seed 4222
seed 4223
seed 4224
seed 4225
seed 4226
seed 4227
seed 4228
seed 4229
seed 4230
seed 4231
seed 4232
seed 4233
seed 4234
seed 4235
seed 4236
seed 4237
seed 4238
seed 4239
seed 4240
seed 4241
seed 4242
seed 4243
seed 4244
seed 4245
seed 4246
seed 4247
seed 4248
seed 4249
seed 4250
seed 4251
seed 4252
seed 4253
seed 4254
seed 4255
seed 4256
seed 4257
seed 4258
seed 4259
seed 4260
seed 4261
seed 4262
seed 4263
seed 4264
seed 4265
seed 4266
seed 4267
seed 4268
seed 4269
seed 4270
seed 4271
seed 4272
seed 4273
seed 4274
seed 4275
seed 4276
seed 4277
seed 4278
seed 4279
seed 4280
seed 4281
seed 4282
seed 4283
seed 4284
seed 4285
seed 4286
seed 4287
seed 4288
seed 4289
seed 4290
seed 4291
seed 4292
seed 4293
seed 4294
seed 4295
seed 4296
seed 4297
seed 4298
seed 4299
seed 4300
seed 4301
seed 4302
seed 4303
seed 4304
seed 4305
seed 4306
seed 4307
seed 4308
seed 4309
seed 4310
seed 4311
seed 4312
seed 4313
seed 4314
seed 4315
seed 4316
seed 4317
seed 4318
seed 4319
seed 4320
seed 4321
seed 4322
seed 4323
seed 4324
seed 4325
seed 4326
seed 4327
seed 4328
seed 4329
seed 4330
seed 4331
seed 4332
seed 4333
seed 4334
seed 4335
seed 4336
seed 4337
seed 4338
seed 4339
seed 4340
seed 4341
seed 4342
seed 4343
seed 4344
seed 4345
seed 4346
seed 4347
seed 4348
seed 4349
seed 4350
seed 4351
seed 4352
seed 4353
seed 4354
seed 4355
seed 4356
seed 4357
seed 4358
seed 4359
seed 4360
seed 4361
seed 4362
seed 4363
seed 4364
seed 4365
seed 4366
seed 4367
seed 4368
seed 4369
seed 4370
seed 4371
seed 4372
seed 4373
seed 4374
seed 4375
seed 4376
seed 4377
seed 4378
seed 4379
seed 4380
seed 4381
seed 4382
seed 4383
seed 4384
seed 4385
seed 4386
seed 4387
seed 4388
seed 4389
seed 4390
seed 4391
seed 4392
seed 4393
seed 4394
seed 4395
seed 4396
seed 4397
seed 4398
seed 4399
seed 4400
seed 4401
seed 4402
seed 4403
seed 4404
seed 4405
seed 4406
seed 4407
seed 4408
seed 4409
seed 4410
seed 4411
seed 4412
seed 4413
seed 4414
seed 4415
seed 4416
seed 4417
seed 4418
seed 4419
seed 4420
seed 4421
seed 4422
seed 4423
seed 4424
seed 4425
seed 4426
seed 4427
seed 4428
seed 4429
seed 4430
seed 4431
seed 4432
seed 4433
seed 4434
seed 4435
seed 4436
seed 4437
seed 4438
seed 4439
seed 4440
seed 4441
seed 4442
seed 4443
seed 4444
seed 4445
seed 4446
seed 4447
seed 4448
seed 4449
seed 4450
seed 4451
seed 4452
seed 4453
seed 4454
seed 4455
seed 4456
seed 4457
seed 4458
seed 4459
seed 4460
seed 4461
seed 4462
seed 4463
seed 4464
seed 4465
seed 4466
seed 4467
seed 4468
seed 4469
seed 4470
seed 4471
seed 4472
seed 4473
seed 4474
seed 4475
seed 4476
seed 4477
seed 4478
seed 4479
seed 4480
seed 4481
seed 4482
seed 4483
seed 4484
seed 4485
seed 4486
seed 4487
seed 4488
seed 4489
seed 4490
seed 4491
seed 4492
seed 4493
seed 4494
seed 4495
seed 4496
seed 4497
seed 4498
seed 4499
seed 4500
seed 4501
seed 4502
seed 4503
seed 4504
seed 4505
seed 4506
seed 4507
seed 4508
seed 4509
seed 4510
seed 4511
seed 4512
seed 4513
seed 4514
seed 4515
seed 4516
seed 4517
seed 4518
seed 4519
seed 4520
seed 4521
seed 4522
seed 4523
seed 4524
seed 4525
seed 4526
seed 4527
seed 4528
seed 4529
seed 4530
seed 4531
seed 4532
seed 4533
seed 4534
seed 4535
seed 4536
seed 4537
seed 4538
seed 4539
seed 4540
seed 4541
seed 4542
seed 4543
seed 4544
seed 4545
seed 4546
seed 4547
seed 4548
seed 4549
seed 4550
seed 4551
seed 4552
seed 4553
seed 4554
seed 4555
seed 4556
seed 4557
seed 4558
seed 4559
seed 4560
seed 4561
seed 4562
seed 4563
seed 4564
seed 4565
seed 4566
seed 4567
seed 4568
seed 4569
seed 4570
seed 4571
seed 4572
seed 4573
seed 4574
seed 4575
seed 4576
seed 4577
seed 4578
seed 4579
seed 4580
seed 4581
seed 4582
seed 4583
seed 4584
seed 4585
seed 4586
seed 4587
seed 4588
seed 4589
seed 4590
seed 4591
seed 4592
seed 4593
seed 4594
seed 4595
seed 4596
seed 4597
seed 4598
seed 4599
seed 4600
seed 4601
seed 4602
seed 4603
seed 4604
seed 4605
seed 4606
seed 4607
seed 4608
seed 4609
seed 4610
seed 4611
seed 4612
seed 4613
seed 4614
seed 4615
seed 4616
seed 4617
seed 4618
seed 4619
seed 4620
seed 4621
seed 4622
seed 4623
seed 4624
seed 4625
seed 4626
seed 4627
seed 4628
seed 4629
seed 4630
seed 4631
seed 4632
seed 4633
seed 4634
seed 4635
seed 4636
seed 4637
seed 4638
seed 4639
seed 4640
seed 4641
seed 4642
seed 4643
seed 4644
seed 4645
seed 4646
seed 4647
seed 4648
seed 4649
seed 4650
seed 4651
seed 4652
seed 4653
seed 4654
seed 4655
seed 4656
seed 4657
seed 4658
seed 4659
seed 4660
seed 4661
seed 4662
seed 4663
seed 4664
seed 4665
seed 4666
seed 4667
seed 4668
seed 4669
seed 4670
seed 4671
seed 4672
seed 4673
seed 4674
seed 4675
seed 4676
seed 4677
seed 4678
seed 4679
seed 4680
seed 4681
seed 4682
seed 4683
seed 4684
seed 4685
seed 4686
seed 4687
seed 4688
seed 4689
seed 4690
seed 4691
seed 4692
seed 4693
seed 4694
seed 4695
seed 4696
seed 4697
seed 4698
seed 4699
seed 4700
seed 4701
seed 4702
seed 4703
seed 4704
seed 4705
seed 4706
seed 4707
seed 4708
seed 4709
seed 4710
seed 4711
seed 4712
seed 4713
seed 4714
seed 4715
seed 4716
seed 4717
seed 4718
seed 4719
seed 4720
seed 4721
seed 4722
seed 4723
seed 4724
seed 4725
seed 4726
seed 4727
seed 4728
seed 4729
seed 4730
seed 4731
seed 4732
seed 4733
seed 4734
seed 4735
seed 4736
seed 4737
seed 4738
seed 4739
seed 4740
seed 4741
seed 4742
seed 4743
seed 4744
seed 4745
seed 4746
seed 4747
seed 4748
seed 4749
seed 4750
seed 4751
seed 4752
seed 4753
seed 4754
seed 4755
seed 4756
seed 4757
seed 4758
seed 4759
seed 4760
seed 4761
seed 4762
seed 4763
seed 4764
seed 4765
seed 4766
seed 4767
seed 4768
seed 4769
seed 4770
seed 4771
seed 4772
seed 4773
seed 4774
seed 4775
seed 4776
seed 4777
seed 4778
seed 4779
seed 4780
seed 4781
seed 4782
seed 4783
seed 4784
seed 4785
seed 4786
seed 4787
seed 4788
seed 4789
seed 4790
seed 4791
seed 4792
seed 4793
seed 4794
seed 4795
seed 4796
seed 4797
seed 4798
seed 4799
seed 4800
seed 4801
seed 4802
seed 4803
seed 4804
seed 4805
seed 4806
seed 4807
seed 4808
seed 4809
seed 4810
seed 4811
seed 4812
seed 4813
seed 4814
seed 4815
seed 4816
seed 4817
seed 4818
seed 4819
seed 4820
seed 4821
seed 4822
seed 4823
seed 4824
seed 4825
seed 4826
seed 4827
seed 4828
seed 4829
seed 4830
seed 4831
seed 4832
seed 4833
seed 4834
seed 4835
seed 4836
seed 4837
seed 4838
seed 4839
seed 4840
seed 4841
seed 4842
seed 4843
seed 4844
seed 4845
seed 4846
seed 4847
seed 4848
seed 4849
seed 4850
seed 4851
seed 4852
seed 4853
seed 4854
seed 4855
seed 4856
seed 4857
seed 4858
seed 4859
seed 4860
seed 4861
seed 4862
seed 4863
seed 4864
seed 4865
seed 4866
seed 4867
seed 4868
seed 4869
seed 4870
seed 4871
seed 4872
seed 4873
seed 4874
seed 4875
seed 4876
seed 4877
seed 4878
seed 4879
seed 4880
seed 4881
seed 4882
seed 4883
seed 4884
seed 4885
seed 4886
seed 4887
seed 4888
seed 4889
seed 4890
seed 4891
seed 4892
seed 4893
seed 4894
seed 4895
seed 4896
seed 4897
seed 4898
seed 4899
seed 4900
seed 4901
seed 4902
seed 4903
seed 4904
seed 4905
seed 4906
seed 4907
seed 4908
seed 4909
seed 4910
seed 4911
seed 4912
seed 4913
seed 4914
seed 4915
seed 4916
seed 4917
seed 4918
seed 4919
seed 4920
seed 4921
seed 4922
seed 4923
seed 4924
seed 4925
seed 4926
seed 4927
seed 4928
seed 4929
seed 4930
seed 4931
seed 4932
seed 4933
seed 4934
seed 4935
seed 4936
seed 4937
seed 4938
seed 4939
seed 4940
seed 4941
seed 4942
seed 4943
seed 4944
seed 4945
seed 4946
seed 4947
seed 4948
seed 4949
seed 4950
seed 4951
seed 4952
seed 4953
seed 4954
seed 4955
seed 4956
seed 4957
seed 4958
seed 4959
seed 4960
seed 4961
seed 4962
seed 4963
seed 4964
seed 4965
seed 4966
seed 4967
seed 4968
seed 4969
seed 4970
seed 4971
seed 4972
seed 4973
seed 4974
seed 4975
seed 4976
seed 4977
seed 4978
seed 4979
seed 4980
seed 4981
seed 4982
seed 4983
seed 4984
seed 4985
seed 4986
seed 4987
seed 4988
seed 4989
seed 4990
seed 4991
seed 4992
seed 4993
seed 4994
seed 4995
seed 4996
seed 4997
seed 4998
seed 4999
seed 5000
seed 5001
seed 5002
seed 5003
seed 5004
seed 5005
seed 5006
seed 5007
seed 5008
seed 5009
seed 5010
seed 5011
seed 5012
seed 5013
seed 5014
seed 5015
seed 5016
seed 5017
seed 5018
seed 5019
seed 5020
seed 5021
seed 5022
seed 5023
seed 5024
seed 5025
seed 5026
seed 5027
seed 5028
seed 5029
seed 5030
seed 5031
seed 5032
seed 5033
seed 5034
seed 5035
seed 5036
seed 5037
seed 5038
seed 5039
seed 5040
seed 5041
seed 5042
seed 5043
seed 5044
seed 5045
seed 5046
seed 5047
seed 5048
seed 5049
seed 5050
seed 5051
seed 5052
seed 5053
seed 5054
seed 5055
seed 5056
seed 5057
seed 5058
seed 5059
seed 5060
seed 5061
seed 5062
seed 5063
seed 5064
seed 5065
seed 5066
seed 5067
seed 5068
seed 5069
seed 5070
seed 5071
seed 5072
seed 5073
seed 5074
seed 5075
seed 5076
seed 5077
seed 5078
seed 5079
seed 5080
seed 5081
seed 5082
seed 5083
seed 5084
seed 5085
seed 5086
seed 5087
seed 5088
seed 5089
seed 5090
seed 5091
seed 5092
seed 5093
seed 5094
seed 5095
seed 5096
seed 5097
seed 5098
seed 5099
seed 5100
seed 5101
seed 5102
seed 5103
seed 5104
seed 5105
seed 5106
seed 5107
seed 5108
seed 5109
seed 5110
seed 5111
seed 5112
seed 5113
seed 5114
seed 5115
seed 5116
seed 5117
seed 5118
seed 5119
seed 5120
seed 5121
seed 5122
seed 5123
seed 5124
seed 5125
seed 5126
seed 5127
seed 5128
seed 5129
seed 5130
seed 5131
seed 5132
seed 5133
seed 5134
seed 5135
seed 5136
seed 5137
seed 5138
seed 5139
seed 5140
seed 5141
seed 5142
seed 5143
seed 5144
seed 5145
seed 5146
seed 5147
seed 5148
seed 5149
seed 5150
seed 5151
seed 5152
seed 5153
seed 5154
seed 5155
seed 5156
seed 5157
seed 5158
seed 5159
seed 5160
seed 5161
seed 5162
seed 5163
seed 5164
seed 5165
seed 5166
seed 5167
seed 5168
seed 5169
seed 5170
seed 5171
seed 5172
seed 5173
seed 5174
seed 5175
seed 5176
seed 5177
seed 5178
seed 5179
seed 5180
seed 5181
seed 5182
seed 5183
seed 5184
seed 5185
seed 5186
seed 5187
seed 5188
seed 5189
seed 5190
seed 5191
seed 5192
seed 5193
seed 5194
seed 5195
seed 5196
seed 5197
seed 5198
seed 5199
seed 5200
seed 5201
seed 5202
seed 5203
seed 5204
seed 5205
seed 5206
seed 5207
seed 5208
seed 5209
seed 5210
seed 5211
seed 5212
seed 5213
seed 5214
seed 5215
seed 5216
seed 5217
seed 5218
seed 5219
seed 5220
seed 5221
seed 5222
seed 5223
seed 5224
seed 5225
seed 5226
seed 5227
seed 5228
seed 5229
seed 5230
seed 5231
seed 5232
seed 5233
seed 5234
seed 5235
seed 5236
seed 5237
seed 5238
seed 5239
seed 5240
seed 5241
seed 5242
seed 5243
seed 5244
seed 5245
seed 5246
seed 5247
seed 5248
seed 5249
seed 5250
seed 5251
seed 5252
seed 5253
seed 5254
seed 5255
seed 5256
seed 5257
seed 5258
seed 5259
seed 5260
seed 5261
seed 5262
seed 5263
seed 5264
seed 5265
seed 5266
seed 5267
seed 5268
seed 5269
seed 5270
seed 5271
seed 5272
seed 5273
seed 5274
seed 5275
seed 5276
seed 5277
seed 5278
seed 5279
seed 5280
seed 5281
seed 5282
seed 5283
seed 5284
seed 5285
seed 5286
seed 5287
seed 5288
seed 5289
seed 5290
seed 5291
seed 5292
seed 5293
seed 5294
seed 5295
seed 5296
seed 5297
seed 5298
seed 5299
seed 5300
seed 5301
seed 5302
seed 5303
seed 5304
seed 5305
seed 5306
seed 5307
seed 5308
seed 5309
seed 5310
seed 5311
seed 5312
seed 5313
seed 5314
seed 5315
seed 5316
seed 5317
seed 5318
seed 5319
seed 5320
seed 5321
seed 5322
seed 5323
seed 5324
seed 5325
seed 5326
seed 5327
seed 5328
seed 5329
seed 5330
seed 5331
seed 5332
seed 5333
seed 5334
seed 5335
seed 5336
seed 5337
seed 5338
seed 5339
seed 5340
seed 5341
seed 5342
seed 5343
seed 5344
seed 5345
seed 5346
seed 5347
seed 5348
seed 5349
seed 5350
seed 5351
seed 5352
seed 5353
seed 5354
seed 5355
seed 5356
seed 5357
seed 5358
seed 5359
seed 5360
seed 5361
seed 5362
seed 5363
seed 5364
seed 5365
seed 5366
seed 5367
seed 5368
seed 5369
seed 5370
seed 5371
seed 5372
seed 5373
seed 5374
seed 5375
seed 5376
seed 5377
seed 5378
seed 5379
seed 5380
seed 5381
seed 5382
seed 5383
seed 5384
seed 5385
seed 5386
seed 5387
seed 5388
seed 5389
seed 5390
seed 5391
seed 5392
seed 5393
seed 5394
seed 5395
seed 5396
seed 5397
seed 5398
seed 5399
seed 5400
seed 5401
seed 5402
seed 5403
seed 5404
seed 5405
seed 5406
seed 5407
seed 5408
seed 5409
seed 5410
seed 5411
seed 5412
seed 5413
seed 5414
seed 5415
seed 5416
seed 5417
seed 5418
seed 5419
seed 5420
seed 5421
seed 5422
seed 5423
seed 5424
seed 5425
seed 5426
seed 5427
seed 5428
seed 5429
seed 5430
seed 5431
seed 5432
seed 5433
seed 5434
seed 5435
seed 5436
seed 5437
seed 5438
seed 5439
seed 5440
seed 5441
seed 5442
seed 5443
seed 5444
seed 5445
seed 5446
seed 5447
seed 5448
seed 5449
seed 5450
seed 5451
seed 5452
seed 5453
seed 5454
seed 5455
seed 5456
seed 5457
seed 5458
seed 5459
seed 5460
seed 5461
seed 5462
seed 5463
seed 5464
seed 5465
seed 5466
seed 5467
seed 5468
seed 5469
seed 5470
seed 5471
seed 5472
seed 5473
seed 5474
seed 5475
seed 5476
seed 5477
seed 5478
seed 5479
seed 5480
seed 5481
seed 5482
seed 5483
seed 5484
seed 5485
seed 5486
seed 5487
seed 5488
seed 5489
seed 5490
seed 5491
seed 5492
seed 5493
seed 5494
seed 5495
seed 5496
seed 5497
seed 5498
seed 5499
seed 5500
seed 5501
seed 5502
seed 5503
seed 5504
seed 5505
seed 5506
seed 5507
seed 5508
seed 5509
seed 5510
seed 5511
seed 5512
seed 5513
seed 5514
seed 5515
seed 5516
seed 5517
seed 5518
seed 5519
seed 5520
seed 5521
seed 5522
seed 5523
seed 5524
seed 5525
seed 5526
seed 5527
seed 5528
seed 5529
seed 5530
seed 5531
seed 5532
seed 5533
seed 5534
seed 5535
seed 5536
seed 5537
seed 5538
seed 5539
seed 5540
seed 5541
seed 5542
seed 5543
seed 5544
seed 5545
seed 5546
seed 5547
seed 5548
seed 5549
seed 5550
seed 5551
seed 5552
seed 5553
seed 5554
seed 5555
seed 5556
seed 5557
seed 5558
seed 5559
seed 5560
seed 5561
seed 5562
seed 5563
seed 5564
seed 5565
seed 5566
seed 5567
seed 5568
seed 5569
seed 5570
seed 5571
seed 5572
seed 5573
seed 5574
seed 5575
seed 5576
seed 5577
seed 5578
seed 5579
seed 5580
seed 5581
seed 5582
seed 5583
seed 5584
seed 5585
seed 5586
seed 5587
seed 5588
seed 5589
seed 5590
seed 5591
seed 5592
seed 5593
seed 5594
seed 5595
seed 5596
seed 5597
seed 5598
seed 5599
seed 5600
seed 5601
seed 5602
seed 5603
seed 5604
seed 5605
seed 5606
seed 5607
seed 5608
seed 5609
seed 5610
seed 5611
seed 5612
seed 5613
seed 5614
seed 5615
seed 5616
seed 5617
seed 5618
seed 5619
seed 5620
seed 5621
seed 5622
seed 5623
seed 5624
seed 5625
seed 5626
seed 5627
seed 5628
seed 5629
seed 5630
seed 5631
seed 5632
seed 5633
seed 5634
seed 5635
seed 5636
seed 5637
seed 5638
seed 5639
seed 5640
seed 5641
seed 5642
seed 5643
seed 5644
seed 5645
seed 5646
seed 5647
seed 5648
seed 5649
seed 5650
seed 5651
seed 5652
seed 5653
seed 5654
seed 5655
seed 5656
seed 5657
seed 5658
seed 5659
seed 5660
seed 5661
seed 5662
seed 5663
seed 5664
seed 5665
seed 5666
seed 5667
seed 5668
seed 5669
seed 5670
seed 5671
seed 5672
seed 5673
seed 5674
seed 5675
seed 5676
seed 5677
seed 5678
seed 5679
seed 5680
seed 5681
seed 5682
seed 5683
seed 5684
seed 5685
seed 5686
seed 5687
seed 5688
seed 5689
seed 5690
seed 5691
seed 5692
seed 5693
seed 5694
seed 5695
seed 5696
seed 5697
seed 5698
seed 5699
seed 5700
seed 5701
seed 5702
seed 5703
seed 5704
seed 5705
seed 5706
seed 5707
seed 5708
seed 5709
seed 5710
seed 5711
seed 5712
seed 5713
seed 5714
seed 5715
seed 5716
seed 5717
seed 5718
seed 5719
seed 5720
seed 5721
seed 5722
seed 5723
seed 5724
seed 5725
seed 5726
seed 5727
seed 5728
seed 5729
seed 5730
seed 5731
seed 5732
seed 5733
seed 5734
seed 5735
seed 5736
seed 5737
seed 5738
seed 5739
seed 5740
seed 5741
seed 5742
seed 5743
seed 5744
seed 5745
seed 5746
seed 5747
seed 5748
seed 5749
seed 5750
seed 5751
seed 5752
seed 5753
seed 5754
seed 5755
seed 5756
seed 5757
seed 5758
seed 5759
seed 5760
seed 5761
seed 5762
seed 5763
seed 5764
seed 5765
seed 5766
seed 5767
seed 5768
seed 5769
seed 5770
seed 5771
seed 5772
seed 5773
seed 5774
seed 5775
seed 5776
seed 5777
seed 5778
seed 5779
seed 5780
seed 5781
seed 5782
seed 5783
seed 5784
seed 5785
seed 5786
seed 5787
seed 5788
seed 5789
seed 5790
seed 5791
seed 5792
seed 5793
seed 5794
seed 5795
seed 5796
seed 5797
seed 5798
seed 5799
seed 5800
seed 5801
seed 5802
seed 5803
seed 5804
seed 5805
seed 5806
seed 5807
seed 5808
seed 5809
seed 5810
seed 5811
seed 5812
seed 5813
seed 5814
seed 5815
seed 5816
seed 5817
seed 5818
seed 5819
seed 5820
seed 5821
seed 5822
seed 5823
seed 5824
seed 5825
seed 5826
seed 5827
seed 5828
seed 5829
seed 5830
seed 5831
seed 5832
seed 5833
seed 5834
seed 5835
seed 5836
seed 5837
seed 5838
seed 5839
seed 5840
seed 5841
seed 5842
seed 5843
seed 5844
seed 5845
seed 5846
seed 5847
seed 5848
seed 5849
seed 5850
seed 5851
seed 5852
seed 5853
seed 5854
seed 5855
seed 5856
seed 5857
seed 5858
seed 5859
seed 5860
seed 5861
seed 5862
seed 5863
seed 5864
seed 5865
seed 5866
seed 5867
seed 5868
seed 5869
seed 5870
seed 5871
seed 5872
seed 5873
seed 5874
seed 5875
seed 5876
seed 5877
seed 5878
seed 5879
seed 5880
seed 5881
seed 5882
seed 5883
seed 5884
seed 5885
seed 5886
seed 5887
seed 5888
seed 5889
seed 5890
seed 5891
seed 5892
seed 5893
seed 5894
seed 5895
seed 5896
seed 5897
seed 5898
seed 5899
seed 5900
seed 5901
seed 5902
seed 5903
seed 5904
seed 5905
seed 5906
seed 5907
seed 5908
seed 5909
seed 5910
seed 5911
seed 5912
seed 5913
seed 5914
seed 5915
seed 5916
seed 5917
seed 5918
seed 5919
seed 5920
seed 5921
seed 5922
seed 5923
seed 5924
seed 5925
seed 5926
seed 5927
seed 5928
seed 5929
seed 5930
seed 5931
seed 5932
seed 5933
seed 5934
seed 5935
seed 5936
seed 5937
seed 5938
seed 5939
seed 5940
seed 5941
seed 5942
seed 5943
seed 5944
seed 5945
seed 5946
seed 5947
seed 5948
seed 5949
seed 5950
seed 5951
seed 5952
seed 5953
seed 5954
seed 5955
seed 5956
seed 5957
seed 5958
seed 5959
seed 5960
seed 5961
seed 5962
seed 5963
seed 5964
seed 5965
seed 5966
seed 5967
seed 5968
seed 5969
seed 5970
seed 5971
seed 5972
seed 5973
seed 5974
seed 5975
seed 5976
seed 5977
seed 5978
seed 5979
seed 5980
seed 5981
seed 5982
seed 5983
seed 5984
seed 5985
seed 5986
seed 5987
seed 5988
seed 5989
seed 5990
seed 5991
seed 5992
seed 5993
seed 5994
seed 5995
seed 5996
seed 5997
seed 5998
seed 5999
seed 6000
seed 6001
seed 6002
seed 6003
seed 6004
seed 6005
seed 6006
seed 6007
seed 6008
seed 6009
seed 6010
seed 6011
seed 6012
seed 6013
seed 6014
seed 6015
seed 6016
seed 6017
seed 6018
seed 6019
seed 6020
seed 6021
seed 6022
seed 6023
seed 6024
seed 6025
seed 6026
seed 6027
seed 6028
seed 6029
seed 6030
seed 6031
seed 6032
seed 6033
seed 6034
seed 6035
seed 6036
seed 6037
seed 6038
seed 6039
seed 6040
seed 6041
seed 6042
seed 6043
seed 6044
seed 6045
seed 6046
seed 6047
seed 6048
seed 6049
seed 6050
seed 6051
seed 6052
seed 6053
seed 6054
seed 6055
seed 6056
seed 6057
seed 6058
seed 6059
seed 6060
seed 6061
seed 6062
seed 6063
seed 6064
seed 6065
seed 6066
seed 6067
seed 6068
seed 6069
seed 6070
seed 6071
seed 6072
seed 6073
seed 6074
seed 6075
seed 6076
seed 6077
seed 6078
seed 6079
seed 6080
seed 6081
seed 6082
seed 6083
seed 6084
seed 6085
seed 6086
seed 6087
seed 6088
seed 6089
seed 6090
seed 6091
seed 6092
seed 6093
seed 6094
seed 6095
seed 6096
seed 6097
seed 6098
seed 6099
seed 6100
seed 6101
seed 6102
seed 6103
seed 6104
seed 6105
seed 6106
seed 6107
seed 6108
seed 6109
seed 6110
seed 6111
seed 6112
seed 6113
seed 6114
seed 6115
seed 6116
seed 6117
seed 6118
seed 6119
seed 6120
seed 6121
seed 6122
seed 6123
seed 6124
seed 6125
seed 6126
seed 6127
seed 6128
seed 6129
seed 6130
seed 6131
seed 6132
seed 6133
seed 6134
seed 6135
seed 6136
seed 6137
seed 6138
seed 6139
seed 6140
seed 6141
seed 6142
seed 6143
seed 6144
seed 6145
seed 6146
seed 6147
seed 6148
seed 6149
seed 6150
seed 6151
seed 6152
seed 6153
seed 6154
seed 6155
seed 6156
seed 6157
seed 6158
seed 6159
seed 6160
seed 6161
seed 6162
seed 6163
seed 6164
seed 6165
seed 6166
seed 6167
seed 6168
seed 6169
seed 6170
seed 6171
seed 6172
seed 6173
seed 6174
seed 6175
seed 6176
seed 6177
seed 6178
seed 6179
seed 6180
seed 6181
seed 6182
seed 6183
seed 6184
seed 6185
seed 6186
seed 6187
seed 6188
seed 6189
seed 6190
seed 6191
seed 6192
seed 6193
seed 6194
seed 6195
seed 6196
seed 6197
seed 6198
seed 6199
seed 6200
seed 6201
seed 6202
seed 6203
seed 6204
seed 6205
seed 6206
seed 6207
seed 6208
seed 6209
seed 6210
seed 6211
seed 6212
seed 6213
seed 6214
seed 6215
seed 6216
seed 6217
seed 6218
seed 6219
seed 6220
seed 6221
seed 6222
seed 6223
seed 6224
seed 6225
seed 6226
seed 6227
seed 6228
seed 6229
seed 6230
seed 6231
seed 6232
seed 6233
seed 6234
seed 6235
seed 6236
seed 6237
seed 6238
seed 6239
seed 6240
seed 6241
seed 6242
seed 6243
seed 6244
seed 6245
seed 6246
seed 6247
seed 6248
seed 6249
seed 6250
seed 6251
seed 6252
seed 6253
seed 6254
seed 6255
seed 6256
seed 6257
seed 6258
seed 6259
seed 6260
seed 6261
seed 6262
seed 6263
seed 6264
seed 6265
seed 6266
seed 6267
seed 6268
seed 6269
seed 6270
seed 6271
seed 6272
seed 6273
seed 6274
seed 6275
seed 6276
seed 6277
seed 6278
seed 6279
seed 6280
seed 6281
seed 6282
seed 6283
seed 6284
seed 6285
seed 6286
seed 6287
seed 6288
seed 6289
seed 6290
seed 6291
seed 6292
seed 6293
seed 6294
seed 6295
seed 6296
seed 6297
seed 6298
seed 6299
seed 6300
seed 6301
seed 6302
seed 6303
seed 6304
seed 6305
seed 6306
seed 6307
seed 6308
seed 6309
seed 6310
seed 6311
seed 6312
seed 6313
seed 6314
seed 6315
seed 6316
seed 6317
seed 6318
seed 6319
seed 6320
seed 6321
seed 6322
seed 6323
seed 6324
seed 6325
seed 6326
seed 6327
seed 6328
seed 6329
seed 6330
seed 6331
seed 6332
seed 6333
seed 6334
seed 6335
seed 6336
seed 6337
seed 6338
seed 6339
seed 6340
seed 6341
seed 6342
seed 6343
seed 6344
seed 6345
seed 6346
seed 6347
seed 6348
seed 6349
seed 6350
seed 6351
seed 6352
seed 6353
seed 6354
seed 6355
seed 6356
seed 6357
seed 6358
seed 6359
seed 6360
seed 6361
seed 6362
seed 6363
seed 6364
seed 6365
seed 6366
seed 6367
seed 6368
seed 6369
seed 6370
seed 6371
seed 6372
seed 6373
seed 6374
seed 6375
seed 6376
seed 6377
seed 6378
seed 6379
seed 6380
seed 6381
seed 6382
seed 6383
seed 6384
seed 6385
seed 6386
seed 6387
seed 6388
seed 6389
seed 6390
seed 6391
seed 6392
seed 6393
seed 6394
seed 6395
seed 6396
seed 6397
seed 6398
seed 6399
seed 6400
seed 6401
seed 6402
seed 6403
seed 6404
seed 6405
seed 6406
seed 6407
seed 6408
seed 6409
seed 6410
seed 6411
seed 6412
seed 6413
seed 6414
seed 6415
seed 6416
seed 6417
seed 6418
seed 6419
seed 6420
seed 6421
seed 6422
seed 6423
seed 6424
seed 6425
seed 6426
seed 6427
seed 6428
seed 6429
seed 6430
seed 6431
seed 6432
seed 6433
seed 6434
seed 6435
seed 6436
seed 6437
seed 6438
seed 6439
seed 6440
seed 6441
seed 6442
seed 6443
seed 6444
seed 6445
seed 6446
seed 6447
seed 6448
seed 6449
seed 6450
seed 6451
seed 6452
seed 6453
seed 6454
seed 6455
seed 6456
seed 6457
seed 6458
seed 6459
seed 6460
seed 6461
seed 6462
seed 6463
seed 6464
seed 6465
seed 6466
seed 6467
seed 6468
seed 6469
seed 6470
seed 6471
seed 6472
seed 6473
seed 6474
seed 6475
seed 6476
seed 6477
seed 6478
seed 6479
seed 6480
seed 6481
seed 6482
seed 6483
seed 6484
seed 6485
seed 6486
seed 6487
seed 6488
seed 6489
seed 6490
seed 6491
seed 6492
seed 6493
seed 6494
seed 6495
seed 6496
seed 6497
seed 6498
seed 6499
seed 6500
seed 6501
seed 6502
seed 6503
seed 6504
seed 6505
seed 6506
seed 6507
seed 6508
seed 6509
seed 6510
seed 6511
seed 6512
seed 6513
seed 6514
seed 6515
seed 6516
seed 6517
seed 6518
seed 6519
seed 6520
seed 6521
seed 6522
seed 6523
seed 6524
seed 6525
seed 6526
seed 6527
seed 6528
seed 6529
seed 6530
seed 6531
seed 6532
seed 6533
seed 6534
seed 6535
seed 6536
seed 6537
seed 6538
seed 6539
seed 6540
seed 6541
seed 6542
seed 6543
seed 6544
seed 6545
seed 6546
seed 6547
seed 6548
seed 6549
seed 6550
seed 6551
seed 6552
seed 6553
seed 6554
seed 6555
seed 6556
seed 6557
seed 6558
seed 6559
seed 6560
seed 6561
seed 6562
seed 6563
seed 6564
seed 6565
seed 6566
seed 6567
seed 6568
seed 6569
seed 6570
seed 6571
seed 6572
seed 6573
seed 6574
seed 6575
seed 6576
seed 6577
seed 6578
seed 6579
seed 6580
seed 6581
seed 6582
seed 6583
seed 6584
seed 6585
seed 6586
seed 6587
seed 6588
seed 6589
seed 6590
seed 6591
seed 6592
seed 6593
seed 6594
seed 6595
seed 6596
seed 6597
seed 6598
seed 6599
seed 6600
seed 6601
seed 6602
seed 6603
seed 6604
seed 6605
seed 6606
seed 6607
seed 6608
seed 6609
seed 6610
seed 6611
seed 6612
seed 6613
seed 6614
seed 6615
seed 6616
seed 6617
seed 6618
seed 6619
seed 6620
seed 6621
seed 6622
seed 6623
seed 6624
seed 6625
seed 6626
seed 6627
seed 6628
seed 6629
seed 6630
seed 6631
seed 6632
seed 6633
seed 6634
seed 6635
seed 6636
seed 6637
seed 6638
seed 6639
seed 6640
seed 6641
seed 6642
seed 6643
seed 6644
seed 6645
seed 6646
seed 6647
seed 6648
seed 6649
seed 6650
seed 6651
seed 6652
seed 6653
seed 6654
seed 6655
seed 6656
seed 6657
seed 6658
seed 6659
seed 6660
seed 6661
seed 6662
seed 6663
seed 6664
seed 6665
seed 6666
seed 6667
seed 6668
seed 6669
seed 6670
seed 6671
seed 6672
seed 6673
seed 6674
seed 6675
seed 6676
seed 6677
seed 6678
seed 6679
seed 6680
seed 6681
seed 6682
seed 6683
seed 6684
seed 6685
seed 6686
seed 6687
seed 6688
seed 6689
seed 6690
seed 6691
seed 6692
seed 6693
seed 6694
seed 6695
seed 6696
seed 6697
seed 6698
seed 6699
seed 6700
seed 6701
seed 6702
seed 6703
seed 6704
seed 6705
seed 6706
seed 6707
seed 6708
seed 6709
seed 6710
seed 6711
seed 6712
seed 6713
seed 6714
seed 6715
seed 6716
seed 6717
seed 6718
seed 6719
seed 6720
seed 6721
seed 6722
seed 6723
seed 6724
seed 6725
seed 6726
seed 6727
seed 6728
seed 6729
seed 6730
seed 6731
seed 6732
seed 6733
seed 6734
seed 6735
seed 6736
seed 6737
seed 6738
seed 6739
seed 6740
seed 6741
seed 6742
seed 6743
seed 6744
seed 6745
seed 6746
seed 6747
seed 6748
seed 6749
seed 6750
seed 6751
seed 6752
seed 6753
seed 6754
seed 6755
seed 6756
seed 6757
seed 6758
seed 6759
seed 6760
seed 6761
seed 6762
seed 6763
seed 6764
seed 6765
seed 6766
seed 6767
seed 6768
seed 6769
seed 6770
seed 6771
seed 6772
seed 6773
seed 6774
seed 6775
seed 6776
seed 6777
seed 6778
seed 6779
seed 6780
seed 6781
seed 6782
seed 6783
seed 6784
seed 6785
seed 6786
seed 6787
seed 6788
seed 6789
seed 6790
seed 6791
seed 6792
seed 6793
seed 6794
seed 6795
seed 6796
seed 6797
seed 6798
seed 6799
seed 6800
seed 6801
seed 6802
seed 6803
seed 6804
seed 6805
seed 6806
seed 6807
seed 6808
seed 6809
seed 6810
seed 6811
seed 6812
seed 6813
seed 6814
seed 6815
seed 6816
seed 6817
seed 6818
seed 6819
seed 6820
seed 6821
seed 6822
seed 6823
seed 6824
seed 6825
seed 6826
seed 6827
seed 6828
seed 6829
seed 6830
seed 6831
seed 6832
seed 6833
seed 6834
seed 6835
seed 6836
seed 6837
seed 6838
seed 6839
seed 6840
seed 6841
seed 6842
seed 6843
seed 6844
seed 6845
seed 6846
seed 6847
seed 6848
seed 6849
seed 6850
seed 6851
seed 6852
seed 6853
seed 6854
seed 6855
seed 6856
seed 6857
seed 6858
seed 6859
seed 6860
seed 6861
seed 6862
seed 6863
seed 6864
seed 6865
seed 6866
seed 6867
seed 6868
seed 6869
seed 6870
seed 6871
seed 6872
seed 6873
seed 6874
seed 6875
seed 6876
seed 6877
seed 6878
seed 6879
seed 6880
seed 6881
seed 6882
seed 6883
seed 6884
seed 6885
seed 6886
seed 6887
seed 6888
seed 6889
seed 6890
seed 6891
seed 6892
seed 6893
seed 6894
seed 6895
seed 6896
seed 6897
seed 6898
seed 6899
seed 6900
seed 6901
seed 6902
seed 6903
seed 6904
seed 6905
seed 6906
seed 6907
seed 6908
seed 6909
seed 6910
seed 6911
seed 6912
seed 6913
seed 6914
seed 6915
seed 6916
seed 6917
seed 6918
seed 6919
seed 6920
seed 6921
seed 6922
seed 6923
seed 6924
seed 6925
seed 6926
seed 6927
seed 6928
seed 6929
seed 6930
seed 6931
seed 6932
seed 6933
seed 6934
seed 6935
seed 6936
seed 6937
seed 6938
seed 6939
seed 6940
seed 6941
seed 6942
seed 6943
seed 6944
seed 6945
seed 6946
seed 6947
seed 6948
seed 6949
seed 6950
seed 6951
seed 6952
seed 6953
seed 6954
seed 6955
seed 6956
seed 6957
seed 6958
seed 6959
seed 6960
seed 6961
seed 6962
seed 6963
seed 6964
seed 6965
seed 6966
seed 6967
seed 6968
seed 6969
seed 6970
seed 6971
seed 6972
seed 6973
seed 6974
seed 6975
seed 6976
seed 6977
seed 6978
seed 6979
seed 6980
seed 6981
seed 6982
seed 6983
seed 6984
seed 6985
seed 6986
seed 6987
seed 6988
seed 6989
seed 6990
seed 6991
seed 6992
seed 6993
seed 6994
seed 6995
seed 6996
seed 6997
seed 6998
seed 6999
seed 7000
seed 7001
seed 7002
seed 7003
seed 7004
seed 7005
seed 7006
seed 7007
seed 7008
seed 7009
seed 7010
seed 7011
seed 7012
seed 7013
seed 7014
seed 7015
seed 7016
seed 7017
seed 7018
seed 7019
seed 7020
seed 7021
seed 7022
seed 7023
seed 7024
seed 7025
seed 7026
seed 7027
seed 7028
seed 7029
seed 7030
seed 7031
seed 7032
seed 7033
seed 7034
seed 7035
seed 7036
seed 7037
seed 7038
seed 7039
seed 7040
seed 7041
seed 7042
seed 7043
seed 7044
seed 7045
seed 7046
seed 7047
seed 7048
seed 7049
seed 7050
seed 7051
seed 7052
seed 7053
seed 7054
seed 7055
seed 7056
seed 7057
seed 7058
seed 7059
seed 7060
seed 7061
seed 7062
seed 7063
seed 7064
seed 7065
seed 7066
seed 7067
seed 7068
seed 7069
seed 7070
seed 7071
seed 7072
seed 7073
seed 7074
seed 7075
seed 7076
seed 7077
seed 7078
seed 7079
seed 7080
seed 7081
seed 7082
seed 7083
seed 7084
seed 7085
seed 7086
seed 7087
seed 7088
seed 7089
seed 7090
seed 7091
seed 7092
seed 7093
seed 7094
seed 7095
seed 7096
seed 7097
seed 7098
seed 7099
seed 7100
seed 7101
seed 7102
seed 7103
seed 7104
seed 7105
seed 7106
seed 7107
seed 7108
seed 7109
seed 7110
seed 7111
seed 7112
seed 7113
seed 7114
seed 7115
seed 7116
seed 7117
seed 7118
seed 7119
seed 7120
seed 7121
seed 7122
seed 7123
seed 7124
seed 7125
seed 7126
seed 7127
seed 7128
seed 7129
seed 7130
seed 7131
seed 7132
seed 7133
seed 7134
seed 7135
seed 7136
seed 7137
seed 7138
seed 7139
seed 7140
seed 7141
seed 7142
seed 7143
seed 7144
seed 7145
seed 7146
seed 7147
seed 7148
seed 7149
seed 7150
seed 7151
seed 7152
seed 7153
seed 7154
seed 7155
seed 7156
seed 7157
seed 7158
seed 7159
seed 7160
seed 7161
seed 7162
seed 7163
seed 7164
seed 7165
seed 7166
seed 7167
seed 7168
seed 7169
seed 7170
seed 7171
seed 7172
seed 7173
seed 7174
seed 7175
seed 7176
seed 7177
seed 7178
seed 7179
seed 7180
seed 7181
seed 7182
seed 7183
seed 7184
seed 7185
seed 7186
seed 7187
seed 7188
seed 7189
seed 7190
seed 7191
seed 7192
seed 7193
seed 7194
seed 7195
seed 7196
seed 7197
seed 7198
seed 7199
seed 7200
seed 7201
seed 7202
seed 7203
seed 7204
seed 7205
seed 7206
seed 7207
seed 7208
seed 7209
seed 7210
seed 7211
seed 7212
seed 7213
seed 7214
seed 7215
seed 7216
seed 7217
seed 7218
seed 7219
seed 7220
seed 7221
seed 7222
seed 7223
seed 7224
seed 7225
seed 7226
seed 7227
seed 7228
seed 7229
seed 7230
seed 7231
seed 7232
seed 7233
seed 7234
seed 7235
seed 7236
seed 7237
seed 7238
seed 7239
seed 7240
seed 7241
seed 7242
seed 7243
seed 7244
seed 7245
seed 7246
seed 7247
seed 7248
seed 7249
seed 7250
seed 7251
seed 7252
seed 7253
seed 7254
seed 7255
seed 7256
seed 7257
seed 7258
seed 7259
seed 7260
seed 7261
seed 7262
seed 7263
seed 7264
seed 7265
seed 7266
seed 7267
seed 7268
seed 7269
seed 7270
seed 7271
seed 7272
seed 7273
seed 7274
seed 7275
seed 7276
seed 7277
seed 7278
seed 7279
seed 7280
seed 7281
seed 7282
seed 7283
seed 7284
seed 7285
seed 7286
seed 7287
seed 7288
seed 7289
seed 7290
seed 7291
seed 7292
seed 7293
seed 7294
seed 7295
seed 7296
seed 7297
seed 7298
seed 7299
seed 7300
seed 7301
seed 7302
seed 7303
seed 7304
seed 7305
seed 7306
seed 7307
seed 7308
seed 7309
seed 7310
seed 7311
seed 7312
seed 7313
seed 7314
seed 7315
seed 7316
seed 7317
seed 7318
seed 7319
seed 7320
seed 7321
seed 7322
seed 7323
seed 7324
seed 7325
seed 7326
seed 7327
seed 7328
seed 7329
seed 7330
seed 7331
seed 7332
seed 7333
seed 7334
seed 7335
seed 7336
seed 7337
seed 7338
seed 7339
seed 7340
seed 7341
seed 7342
seed 7343
seed 7344
seed 7345
seed 7346
seed 7347
seed 7348
seed 7349
seed 7350
seed 7351
seed 7352
seed 7353
seed 7354
seed 7355
seed 7356
seed 7357
seed 7358
seed 7359
seed 7360
seed 7361
seed 7362
seed 7363
seed 7364
seed 7365
seed 7366
seed 7367
seed 7368
seed 7369
seed 7370
seed 7371
seed 7372
seed 7373
seed 7374
seed 7375
seed 7376
seed 7377
seed 7378
seed 7379
seed 7380
seed 7381
seed 7382
seed 7383
seed 7384
seed 7385
seed 7386
seed 7387
seed 7388
seed 7389
seed 7390
seed 7391
seed 7392
seed 7393
seed 7394
seed 7395
seed 7396
seed 7397
seed 7398
seed 7399
seed 7400
seed 7401
seed 7402
seed 7403
seed 7404
seed 7405
seed 7406
seed 7407
seed 7408
seed 7409
seed 7410
seed 7411
seed 7412
seed 7413
seed 7414
seed 7415
seed 7416
seed 7417
seed 7418
seed 7419
seed 7420
seed 7421
seed 7422
seed 7423
seed 7424
seed 7425
seed 7426
seed 7427
seed 7428
seed 7429
seed 7430
seed 7431
seed 7432
seed 7433
seed 7434
seed 7435
seed 7436
seed 7437
seed 7438
seed 7439
seed 7440
seed 7441
seed 7442
seed 7443
seed 7444
seed 7445
seed 7446
seed 7447
seed 7448
seed 7449
seed 7450
seed 7451
seed 7452
seed 7453
seed 7454
seed 7455
seed 7456
seed 7457
seed 7458
seed 7459
seed 7460
seed 7461
seed 7462
seed 7463
seed 7464
seed 7465
seed 7466
seed 7467
seed 7468
seed 7469
seed 7470
seed 7471
seed 7472
seed 7473
seed 7474
seed 7475
seed 7476
seed 7477
seed 7478
seed 7479
seed 7480
seed 7481
seed 7482
seed 7483
seed 7484
seed 7485
seed 7486
seed 7487
seed 7488
seed 7489
seed 7490
seed 7491
seed 7492
seed 7493
seed 7494
seed 7495
seed 7496
seed 7497
seed 7498
seed 7499
seed 7500
seed 7501
seed 7502
seed 7503
seed 7504
seed 7505
seed 7506
seed 7507
seed 7508
seed 7509
seed 7510
seed 7511
seed 7512
seed 7513
seed 7514
seed 7515
seed 7516
seed 7517
seed 7518
seed 7519
seed 7520
seed 7521
seed 7522
seed 7523
seed 7524
seed 7525
seed 7526
seed 7527
seed 7528
seed 7529
seed 7530
seed 7531
seed 7532
seed 7533
seed 7534
seed 7535
seed 7536
seed 7537
seed 7538
seed 7539
seed 7540
seed 7541
seed 7542
seed 7543
seed 7544
seed 7545
seed 7546
seed 7547
seed 7548
seed 7549
seed 7550
seed 7551
seed 7552
seed 7553
seed 7554
seed 7555
seed 7556
seed 7557
seed 7558
seed 7559
seed 7560
seed 7561
seed 7562
seed 7563
seed 7564
seed 7565
seed 7566
seed 7567
seed 7568
seed 7569
seed 7570
seed 7571
seed 7572
seed 7573
seed 7574
seed 7575
seed 7576
seed 7577
seed 7578
seed 7579
seed 7580
seed 7581
seed 7582
seed 7583
seed 7584
seed 7585
seed 7586
seed 7587
seed 7588
seed 7589
seed 7590
seed 7591
seed 7592
seed 7593
seed 7594
seed 7595
seed 7596
seed 7597
seed 7598
seed 7599
seed 7600
seed 7601
seed 7602
seed 7603
seed 7604
seed 7605
seed 7606
seed 7607
seed 7608
seed 7609
seed 7610
seed 7611
seed 7612
seed 7613
seed 7614
seed 7615
seed 7616
seed 7617
seed 7618
seed 7619
seed 7620
seed 7621
seed 7622
seed 7623
seed 7624
seed 7625
seed 7626
seed 7627
seed 7628
seed 7629
seed 7630
seed 7631
seed 7632
seed 7633
seed 7634
seed 7635
seed 7636
seed 7637
seed 7638
seed 7639
seed 7640
seed 7641
seed 7642
seed 7643
seed 7644
seed 7645
seed 7646
seed 7647
seed 7648
seed 7649
seed 7650
seed 7651
seed 7652
seed 7653
seed 7654
seed 7655
seed 7656
seed 7657
seed 7658
seed 7659
seed 7660
seed 7661
seed 7662
seed 7663
seed 7664
seed 7665
seed 7666
seed 7667
seed 7668
seed 7669
seed 7670
seed 7671
seed 7672
seed 7673
seed 7674
seed 7675
seed 7676
seed 7677
seed 7678
seed 7679
seed 7680
seed 7681
seed 7682
seed 7683
seed 7684
seed 7685
seed 7686
seed 7687
seed 7688
seed 7689
seed 7690
seed 7691
seed 7692
seed 7693
seed 7694
seed 7695
seed 7696
seed 7697
seed 7698
seed 7699
seed 7700
seed 7701
seed 7702
seed 7703
seed 7704
seed 7705
seed 7706
seed 7707
seed 7708
seed 7709
seed 7710
seed 7711
seed 7712
seed 7713
seed 7714
seed 7715
seed 7716
seed 7717
seed 7718
seed 7719
seed 7720
seed 7721
seed 7722
seed 7723
seed 7724
seed 7725
seed 7726
seed 7727
seed 7728
seed 7729
seed 7730
seed 7731
seed 7732
seed 7733
seed 7734
seed 7735
seed 7736
seed 7737
seed 7738
seed 7739
seed 7740
seed 7741
seed 7742
seed 7743
seed 7744
seed 7745
seed 7746
seed 7747
seed 7748
seed 7749
seed 7750
seed 7751
seed 7752
seed 7753
seed 7754
seed 7755
seed 7756
seed 7757
seed 7758
seed 7759
seed 7760
seed 7761
seed 7762
seed 7763
seed 7764
seed 7765
seed 7766
seed 7767
seed 7768
seed 7769
seed 7770
seed 7771
seed 7772
seed 7773
seed 7774
seed 7775
seed 7776
seed 7777
seed 7778
seed 7779
seed 7780
seed 7781
seed 7782
seed 7783
seed 7784
seed 7785
seed 7786
seed 7787
seed 7788
seed 7789
seed 7790
seed 7791
seed 7792
seed 7793
seed 7794
seed 7795
seed 7796
seed 7797
seed 7798
seed 7799
seed 7800
seed 7801
seed 7802
seed 7803
seed 7804
seed 7805
seed 7806
seed 7807
seed 7808
seed 7809
seed 7810
seed 7811
seed 7812
seed 7813
seed 7814
seed 7815
seed 7816
seed 7817
seed 7818
seed 7819
seed 7820
seed 7821
seed 7822
seed 7823
seed 7824
seed 7825
seed 7826
seed 7827
seed 7828
seed 7829
seed 7830
seed 7831
seed 7832
seed 7833
seed 7834
seed 7835
seed 7836
seed 7837
seed 7838
seed 7839
seed 7840
seed 7841
seed 7842
seed 7843
seed 7844
seed 7845
seed 7846
seed 7847
seed 7848
seed 7849
seed 7850
seed 7851
seed 7852
seed 7853
seed 7854
seed 7855
seed 7856
seed 7857
seed 7858
seed 7859
seed 7860
seed 7861
seed 7862
seed 7863
seed 7864
seed 7865
seed 7866
seed 7867
seed 7868
seed 7869
seed 7870
seed 7871
seed 7872
seed 7873
seed 7874
seed 7875
seed 7876
seed 7877
seed 7878
seed 7879
seed 7880
seed 7881
seed 7882
seed 7883
seed 7884
seed 7885
seed 7886
seed 7887
seed 7888
seed 7889
seed 7890
seed 7891
seed 7892
seed 7893
seed 7894
seed 7895
seed 7896
seed 7897
seed 7898
seed 7899
seed 7900
seed 7901
seed 7902
seed 7903
seed 7904
seed 7905
seed 7906
seed 7907
seed 7908
seed 7909
seed 7910
seed 7911
seed 7912
seed 7913
seed 7914
seed 7915
seed 7916
seed 7917
seed 7918
seed 7919
seed 7920
seed 7921
seed 7922
seed 7923
seed 7924
seed 7925
seed 7926
seed 7927
seed 7928
seed 7929
seed 7930
seed 7931
seed 7932
seed 7933
seed 7934
seed 7935
seed 7936
seed 7937
seed 7938
seed 7939
seed 7940
seed 7941
seed 7942
seed 7943
seed 7944
seed 7945
seed 7946
seed 7947
seed 7948
seed 7949
seed 7950
seed 7951
seed 7952
seed 7953
seed 7954
seed 7955
seed 7956
seed 7957
seed 7958
seed 7959
seed 7960
seed 7961
seed 7962
seed 7963
seed 7964
seed 7965
seed 7966
seed 7967
seed 7968
seed 7969
seed 7970
seed 7971
seed 7972
seed 7973
seed 7974
seed 7975
seed 7976
seed 7977
seed 7978
seed 7979
seed 7980
seed 7981
seed 7982
seed 7983
seed 7984
seed 7985
seed 7986
seed 7987
seed 7988
seed 7989
seed 7990
seed 7991
seed 7992
seed 7993
seed 7994
seed 7995
seed 7996
seed 7997
seed 7998
seed 7999
seed 8000
seed 8001
seed 8002
seed 8003
seed 8004
seed 8005
seed 8006
seed 8007
seed 8008
seed 8009
seed 8010
seed 8011
seed 8012
seed 8013
seed 8014
seed 8015
seed 8016
seed 8017
seed 8018
seed 8019
seed 8020
seed 8021
seed 8022
seed 8023
seed 8024
seed 8025
seed 8026
seed 8027
seed 8028
seed 8029
seed 8030
seed 8031
seed 8032
seed 8033
seed 8034
seed 8035
seed 8036
seed 8037
seed 8038
seed 8039
seed 8040
seed 8041
seed 8042
seed 8043
seed 8044
seed 8045
seed 8046
seed 8047
seed 8048
seed 8049
seed 8050
seed 8051
seed 8052
seed 8053
seed 8054
seed 8055
seed 8056
seed 8057
seed 8058
seed 8059
seed 8060
seed 8061
seed 8062
seed 8063
seed 8064
seed 8065
seed 8066
seed 8067
seed 8068
seed 8069
seed 8070
seed 8071
seed 8072
seed 8073
seed 8074
seed 8075
seed 8076
seed 8077
seed 8078
seed 8079
seed 8080
seed 8081
seed 8082
seed 8083
seed 8084
seed 8085
seed 8086
seed 8087
seed 8088
seed 8089
seed 8090
seed 8091
seed 8092
seed 8093
seed 8094
seed 8095
seed 8096
seed 8097
seed 8098
seed 8099
seed 8100
seed 8101
seed 8102
seed 8103
seed 8104
seed 8105
seed 8106
seed 8107
seed 8108
seed 8109
seed 8110
seed 8111
seed 8112
seed 8113
seed 8114
seed 8115
seed 8116
seed 8117
seed 8118
seed 8119
seed 8120
seed 8121
seed 8122
seed 8123
seed 8124
seed 8125
seed 8126
seed 8127
seed 8128
seed 8129
seed 8130
seed 8131
seed 8132
seed 8133
seed 8134
seed 8135
seed 8136
seed 8137
seed 8138
seed 8139
seed 8140
seed 8141
seed 8142
seed 8143
seed 8144
seed 8145
seed 8146
seed 8147
seed 8148
seed 8149
seed 8150
seed 8151
seed 8152
seed 8153
seed 8154
seed 8155
seed 8156
seed 8157
seed 8158
seed 8159
seed 8160
seed 8161
seed 8162
seed 8163
seed 8164
seed 8165
seed 8166
seed 8167
seed 8168
seed 8169
seed 8170
seed 8171
seed 8172
seed 8173
seed 8174
seed 8175
seed 8176
seed 8177
seed 8178
seed 8179
seed 8180
seed 8181
seed 8182
seed 8183
seed 8184
seed 8185
seed 8186
seed 8187
seed 8188
seed 8189
seed 8190
seed 8191
seed 8192
seed 8193
seed 8194
seed 8195
seed 8196
seed 8197
seed 8198
seed 8199
seed 8200
seed 8201
seed 8202
seed 8203
seed 8204
seed 8205
seed 8206
seed 8207
seed 8208
seed 8209
seed 8210
seed 8211
seed 8212
seed 8213
seed 8214
seed 8215
seed 8216
seed 8217
seed 8218
seed 8219
seed 8220
seed 8221
seed 8222
seed 8223
seed 8224
seed 8225
seed 8226
seed 8227
seed 8228
seed 8229
seed 8230
seed 8231
seed 8232
seed 8233
seed 8234
seed 8235
seed 8236
seed 8237
seed 8238
seed 8239
seed 8240
seed 8241
seed 8242
seed 8243
seed 8244
seed 8245
seed 8246
seed 8247
seed 8248
seed 8249
seed 8250
seed 8251
seed 8252
seed 8253
seed 8254
seed 8255
seed 8256
seed 8257
seed 8258
seed 8259
seed 8260
seed 8261
seed 8262
seed 8263
seed 8264
seed 8265
seed 8266
seed 8267
seed 8268
seed 8269
seed 8270
seed 8271
seed 8272
seed 8273
seed 8274
seed 8275
seed 8276
seed 8277
seed 8278
seed 8279
seed 8280
seed 8281
seed 8282
seed 8283
seed 8284
seed 8285
seed 8286
seed 8287
seed 8288
seed 8289
seed 8290
seed 8291
seed 8292
seed 8293
seed 8294
seed 8295
seed 8296
seed 8297
seed 8298
seed 8299
seed 8300
seed 8301
seed 8302
seed 8303
seed 8304
seed 8305
seed 8306
seed 8307
seed 8308
seed 8309
seed 8310
seed 8311
seed 8312
seed 8313
seed 8314
seed 8315
seed 8316
seed 8317
seed 8318
seed 8319
seed 8320
seed 8321
seed 8322
seed 8323
seed 8324
seed 8325
seed 8326
seed 8327
seed 8328
seed 8329
seed 8330
seed 8331
seed 8332
seed 8333
seed 8334
seed 8335
seed 8336
seed 8337
seed 8338
seed 8339
seed 8340
seed 8341
seed 8342
seed 8343
seed 8344
seed 8345
seed 8346
seed 8347
seed 8348
seed 8349
seed 8350
seed 8351
seed 8352
seed 8353
seed 8354
seed 8355
seed 8356
seed 8357
seed 8358
seed 8359
seed 8360
seed 8361
seed 8362
seed 8363
seed 8364
seed 8365
seed 8366
seed 8367
seed 8368
seed 8369
seed 8370
seed 8371
seed 8372
seed 8373
seed 8374
seed 8375
seed 8376
seed 8377
seed 8378
seed 8379
seed 8380
seed 8381
seed 8382
seed 8383
seed 8384
seed 8385
seed 8386
seed 8387
seed 8388
seed 8389
seed 8390
seed 8391
seed 8392
seed 8393
seed 8394
seed 8395
seed 8396
seed 8397
seed 8398
seed 8399
seed 8400
seed 8401
seed 8402
seed 8403
seed 8404
seed 8405
seed 8406
seed 8407
seed 8408
seed 8409
seed 8410
seed 8411
seed 8412
seed 8413
seed 8414
seed 8415
seed 8416
seed 8417
seed 8418
seed 8419
seed 8420
seed 8421
seed 8422
seed 8423
seed 8424
seed 8425
seed 8426
seed 8427
seed 8428
seed 8429
seed 8430
seed 8431
seed 8432
seed 8433
seed 8434
seed 8435
seed 8436
seed 8437
seed 8438
seed 8439
seed 8440
seed 8441
seed 8442
seed 8443
seed 8444
seed 8445
seed 8446
seed 8447
seed 8448
seed 8449
seed 8450
seed 8451
seed 8452
seed 8453
seed 8454
seed 8455
seed 8456
seed 8457
seed 8458
seed 8459
seed 8460
seed 8461
seed 8462
seed 8463
seed 8464
seed 8465
seed 8466
seed 8467
seed 8468
seed 8469
seed 8470
seed 8471
seed 8472
seed 8473
seed 8474
seed 8475
seed 8476
seed 8477
seed 8478
seed 8479
seed 8480
seed 8481
seed 8482
seed 8483
seed 8484
seed 8485
seed 8486
seed 8487
seed 8488
seed 8489
seed 8490
seed 8491
seed 8492
seed 8493
seed 8494
seed 8495
seed 8496
seed 8497
seed 8498
seed 8499
seed 8500
seed 8501
seed 8502
seed 8503
seed 8504
seed 8505
seed 8506
seed 8507
seed 8508
seed 8509
seed 8510
seed 8511
seed 8512
seed 8513
seed 8514
seed 8515
seed 8516
seed 8517
seed 8518
seed 8519
seed 8520
seed 8521
seed 8522
seed 8523
seed 8524
seed 8525
seed 8526
seed 8527
seed 8528
seed 8529
seed 8530
seed 8531
seed 8532
seed 8533
seed 8534
seed 8535
seed 8536
seed 8537
seed 8538
seed 8539
seed 8540
seed 8541
seed 8542
seed 8543
seed 8544
seed 8545
seed 8546
seed 8547
seed 8548
seed 8549
seed 8550
seed 8551
seed 8552
seed 8553
seed 8554
seed 8555
seed 8556
seed 8557
seed 8558
seed 8559
seed 8560
seed 8561
seed 8562
seed 8563
seed 8564
seed 8565
seed 8566
seed 8567
seed 8568
seed 8569
seed 8570
seed 8571
seed 8572
seed 8573
seed 8574
seed 8575
seed 8576
seed 8577
seed 8578
seed 8579
seed 8580
seed 8581
seed 8582
seed 8583
seed 8584
seed 8585
seed 8586
seed 8587
seed 8588
seed 8589
seed 8590
seed 8591
seed 8592
seed 8593
seed 8594
seed 8595
seed 8596
seed 8597
seed 8598
seed 8599
seed 8600
seed 8601
seed 8602
seed 8603
seed 8604
seed 8605
seed 8606
seed 8607
seed 8608
seed 8609
seed 8610
seed 8611
seed 8612
seed 8613
seed 8614
seed 8615
seed 8616
seed 8617
seed 8618
seed 8619
seed 8620
seed 8621
seed 8622
seed 8623
seed 8624
seed 8625
seed 8626
seed 8627
seed 8628
seed 8629
seed 8630
seed 8631
seed 8632
seed 8633
seed 8634
seed 8635
seed 8636
seed 8637
seed 8638
seed 8639
seed 8640
seed 8641
seed 8642
seed 8643
seed 8644
seed 8645
seed 8646
seed 8647
seed 8648
seed 8649
seed 8650
seed 8651
seed 8652
seed 8653
seed 8654
seed 8655
seed 8656
seed 8657
seed 8658
seed 8659
seed 8660
seed 8661
seed 8662
seed 8663
seed 8664
seed 8665
seed 8666
seed 8667
seed 8668
seed 8669
seed 8670
seed 8671
seed 8672
seed 8673
seed 8674
seed 8675
seed 8676
seed 8677
seed 8678
seed 8679
seed 8680
seed 8681
seed 8682
seed 8683
seed 8684
seed 8685
seed 8686
seed 8687
seed 8688
seed 8689
seed 8690
seed 8691
seed 8692
seed 8693
seed 8694
seed 8695
seed 8696
seed 8697
seed 8698
seed 8699
seed 8700
seed 8701
seed 8702
seed 8703
seed 8704
seed 8705
seed 8706
seed 8707
seed 8708
seed 8709
seed 8710
seed 8711
seed 8712
seed 8713
seed 8714
seed 8715
seed 8716
seed 8717
seed 8718
seed 8719
seed 8720
seed 8721
seed 8722
seed 8723
seed 8724
seed 8725
seed 8726
seed 8727
seed 8728
seed 8729
seed 8730
seed 8731
seed 8732
seed 8733
seed 8734
seed 8735
seed 8736
seed 8737
seed 8738
seed 8739
seed 8740
seed 8741
seed 8742
seed 8743
seed 8744
seed 8745
seed 8746
seed 8747
seed 8748
seed 8749
seed 8750
seed 8751
seed 8752
seed 8753
seed 8754
seed 8755
seed 8756
seed 8757
seed 8758
seed 8759
seed 8760
seed 8761
seed 8762
seed 8763
seed 8764
seed 8765
seed 8766
seed 8767
seed 8768
seed 8769
seed 8770
seed 8771
seed 8772
seed 8773
seed 8774
seed 8775
seed 8776
seed 8777
seed 8778
seed 8779
seed 8780
seed 8781
seed 8782
seed 8783
seed 8784
seed 8785
seed 8786
seed 8787
seed 8788
seed 8789
seed 8790
seed 8791
seed 8792
seed 8793
seed 8794
seed 8795
seed 8796
seed 8797
seed 8798
seed 8799
seed 8800
seed 8801
seed 8802
seed 8803
seed 8804
seed 8805
seed 8806
seed 8807
seed 8808
seed 8809
seed 8810
seed 8811
seed 8812
seed 8813
seed 8814
seed 8815
seed 8816
seed 8817
seed 8818
seed 8819
seed 8820
seed 8821
seed 8822
seed 8823
seed 8824
seed 8825
seed 8826
seed 8827
seed 8828
seed 8829
seed 8830
seed 8831
seed 8832
seed 8833
seed 8834
seed 8835
seed 8836
seed 8837
seed 8838
seed 8839
seed 8840
seed 8841
seed 8842
seed 8843
seed 8844
seed 8845
seed 8846
seed 8847
seed 8848
seed 8849
seed 8850
seed 8851
seed 8852
seed 8853
seed 8854
seed 8855
seed 8856
seed 8857
seed 8858
seed 8859
seed 8860
seed 8861
seed 8862
seed 8863
seed 8864
seed 8865
seed 8866
seed 8867
seed 8868
seed 8869
seed 8870
seed 8871
seed 8872
seed 8873
seed 8874
seed 8875
seed 8876
seed 8877
seed 8878
seed 8879
seed 8880
seed 8881
seed 8882
seed 8883
seed 8884
seed 8885
seed 8886
seed 8887
seed 8888
seed 8889
seed 8890
seed 8891
seed 8892
seed 8893
seed 8894
seed 8895
seed 8896
seed 8897
seed 8898
seed 8899
seed 8900
seed 8901
seed 8902
seed 8903
seed 8904
seed 8905
seed 8906
seed 8907
seed 8908
seed 8909
seed 8910
seed 8911
seed 8912
seed 8913
seed 8914
seed 8915
seed 8916
seed 8917
seed 8918
seed 8919
seed 8920
seed 8921
seed 8922
seed 8923
seed 8924
seed 8925
seed 8926
seed 8927
seed 8928
seed 8929
seed 8930
seed 8931
seed 8932
seed 8933
seed 8934
seed 8935
seed 8936
seed 8937
seed 8938
seed 8939
seed 8940
seed 8941
seed 8942
seed 8943
seed 8944
seed 8945
seed 8946
seed 8947
seed 8948
seed 8949
seed 8950
seed 8951
seed 8952
seed 8953
seed 8954
seed 8955
seed 8956
seed 8957
seed 8958
seed 8959
seed 8960
seed 8961
seed 8962
seed 8963
seed 8964
seed 8965
seed 8966
seed 8967
seed 8968
seed 8969
seed 8970
seed 8971
seed 8972
seed 8973
seed 8974
seed 8975
seed 8976
seed 8977
seed 8978
seed 8979
seed 8980
seed 8981
seed 8982
seed 8983
seed 8984
seed 8985
seed 8986
seed 8987
seed 8988
seed 8989
seed 8990
seed 8991
seed 8992
seed 8993
seed 8994
seed 8995
seed 8996
seed 8997
seed 8998
seed 8999
seed 9000
seed 9001
seed 9002
seed 9003
seed 9004
seed 9005
seed 9006
seed 9007
seed 9008
seed 9009
seed 9010
seed 9011
seed 9012
seed 9013
seed 9014
seed 9015
seed 9016
seed 9017
seed 9018
seed 9019
seed 9020
seed 9021
seed 9022
seed 9023
seed 9024
seed 9025
seed 9026
seed 9027
seed 9028
seed 9029
seed 9030
seed 9031
seed 9032
seed 9033
seed 9034
seed 9035
seed 9036
seed 9037
seed 9038
seed 9039
seed 9040
seed 9041
seed 9042
seed 9043
seed 9044
seed 9045
seed 9046
seed 9047
seed 9048
seed 9049
seed 9050
seed 9051
seed 9052
seed 9053
seed 9054
seed 9055
seed 9056
seed 9057
seed 9058
seed 9059
seed 9060
seed 9061
seed 9062
seed 9063
seed 9064
seed 9065
seed 9066
seed 9067
seed 9068
seed 9069
seed 9070
seed 9071
seed 9072
seed 9073
seed 9074
seed 9075
seed 9076
seed 9077
seed 9078
seed 9079
seed 9080
seed 9081
seed 9082
seed 9083
seed 9084
seed 9085
seed 9086
seed 9087
seed 9088
seed 9089
seed 9090
seed 9091
seed 9092
seed 9093
seed 9094
seed 9095
seed 9096
seed 9097
seed 9098
seed 9099
seed 9100
seed 9101
seed 9102
seed 9103
seed 9104
seed 9105
seed 9106
seed 9107
seed 9108
seed 9109
seed 9110
seed 9111
seed 9112
seed 9113
seed 9114
seed 9115
seed 9116
seed 9117
seed 9118
seed 9119
seed 9120
seed 9121
seed 9122
seed 9123
seed 9124
seed 9125
seed 9126
seed 9127
seed 9128
seed 9129
seed 9130
seed 9131
seed 9132
seed 9133
seed 9134
seed 9135
seed 9136
seed 9137
seed 9138
seed 9139
seed 9140
seed 9141
seed 9142
seed 9143
seed 9144
seed 9145
seed 9146
seed 9147
seed 9148
seed 9149
seed 9150
seed 9151
seed 9152
seed 9153
seed 9154
seed 9155
seed 9156
seed 9157
seed 9158
seed 9159
seed 9160
seed 9161
seed 9162
seed 9163
seed 9164
seed 9165
seed 9166
seed 9167
seed 9168
seed 9169
seed 9170
seed 9171
seed 9172
seed 9173
seed 9174
seed 9175
seed 9176
seed 9177
seed 9178
seed 9179
seed 9180
seed 9181
seed 9182
seed 9183
seed 9184
seed 9185
seed 9186
seed 9187
seed 9188
seed 9189
seed 9190
seed 9191
seed 9192
seed 9193
seed 9194
seed 9195
seed 9196
seed 9197
seed 9198
seed 9199
seed 9200
seed 9201
seed 9202
seed 9203
seed 9204
seed 9205
seed 9206
seed 9207
seed 9208
seed 9209
seed 9210
seed 9211
seed 9212
seed 9213
seed 9214
seed 9215
seed 9216
seed 9217
seed 9218
seed 9219
seed 9220
seed 9221
seed 9222
seed 9223
seed 9224
seed 9225
seed 9226
seed 9227
seed 9228
seed 9229
seed 9230
seed 9231
seed 9232
seed 9233
seed 9234
seed 9235
seed 9236
seed 9237
seed 9238
seed 9239
seed 9240
seed 9241
seed 9242
seed 9243
seed 9244
seed 9245
seed 9246
seed 9247
seed 9248
seed 9249
seed 9250
seed 9251
seed 9252
seed 9253
seed 9254
seed 9255
seed 9256
seed 9257
seed 9258
seed 9259
seed 9260
seed 9261
seed 9262
seed 9263
seed 9264
seed 9265
seed 9266
seed 9267
seed 9268
seed 9269
seed 9270
seed 9271
seed 9272
seed 9273
seed 9274
seed 9275
seed 9276
seed 9277
seed 9278
seed 9279
seed 9280
seed 9281
seed 9282
seed 9283
seed 9284
seed 9285
seed 9286
seed 9287
seed 9288
seed 9289
seed 9290
seed 9291
seed 9292
seed 9293
seed 9294
seed 9295
seed 9296
seed 9297
seed 9298
seed 9299
seed 9300
seed 9301
seed 9302
seed 9303
seed 9304
seed 9305
seed 9306
seed 9307
seed 9308
seed 9309
seed 9310
seed 9311
seed 9312
seed 9313
seed 9314
seed 9315
seed 9316
seed 9317
seed 9318
seed 9319
seed 9320
seed 9321
seed 9322
seed 9323
seed 9324
seed 9325
seed 9326
seed 9327
seed 9328
seed 9329
seed 9330
seed 9331
seed 9332
seed 9333
seed 9334
seed 9335
seed 9336
seed 9337
seed 9338
seed 9339
seed 9340
seed 9341
seed 9342
seed 9343
seed 9344
seed 9345
seed 9346
seed 9347
seed 9348
seed 9349
seed 9350
seed 9351
seed 9352
seed 9353
seed 9354
seed 9355
seed 9356
seed 9357
seed 9358
seed 9359
seed 9360
seed 9361
seed 9362
seed 9363
seed 9364
seed 9365
seed 9366
seed 9367
seed 9368
seed 9369
seed 9370
seed 9371
seed 9372
seed 9373
seed 9374
seed 9375
seed 9376
seed 9377
seed 9378
seed 9379
seed 9380
seed 9381
seed 9382
seed 9383
seed 9384
seed 9385
seed 9386
seed 9387
seed 9388
seed 9389
seed 9390
seed 9391
seed 9392
seed 9393
seed 9394
seed 9395
seed 9396
seed 9397
seed 9398
seed 9399
seed 9400
seed 9401
seed 9402
seed 9403
seed 9404
seed 9405
seed 9406
seed 9407
seed 9408
seed 9409
seed 9410
seed 9411
seed 9412
seed 9413
seed 9414
seed 9415
seed 9416
seed 9417
seed 9418
seed 9419
seed 9420
seed 9421
seed 9422
seed 9423
seed 9424
seed 9425
seed 9426
seed 9427
seed 9428
seed 9429
seed 9430
seed 9431
seed 9432
seed 9433
seed 9434
seed 9435
seed 9436
seed 9437
seed 9438
seed 9439
seed 9440
seed 9441
seed 9442
seed 9443
seed 9444
seed 9445
seed 9446
seed 9447
seed 9448
seed 9449
seed 9450
seed 9451
seed 9452
seed 9453
seed 9454
seed 9455
seed 9456
seed 9457
seed 9458
seed 9459
seed 9460
seed 9461
seed 9462
seed 9463
seed 9464
seed 9465
seed 9466
seed 9467
seed 9468
seed 9469
seed 9470
seed 9471
seed 9472
seed 9473
seed 9474
seed 9475
seed 9476
seed 9477
seed 9478
seed 9479
seed 9480
seed 9481
seed 9482
seed 9483
seed 9484
seed 9485
seed 9486
seed 9487
seed 9488
seed 9489
seed 9490
seed 9491
seed 9492
seed 9493
seed 9494
seed 9495
seed 9496
seed 9497
seed 9498
seed 9499
seed 9500
seed 9501
seed 9502
seed 9503
seed 9504
seed 9505
seed 9506
seed 9507
seed 9508
seed 9509
seed 9510
seed 9511
seed 9512
seed 9513
seed 9514
seed 9515
seed 9516
seed 9517
seed 9518
seed 9519
seed 9520
seed 9521
seed 9522
seed 9523
seed 9524
seed 9525
seed 9526
seed 9527
seed 9528
seed 9529
seed 9530
seed 9531
seed 9532
seed 9533
seed 9534
seed 9535
seed 9536
seed 9537
seed 9538
seed 9539
seed 9540
seed 9541
seed 9542
seed 9543
seed 9544
seed 9545
seed 9546
seed 9547
seed 9548
seed 9549
seed 9550
seed 9551
seed 9552
seed 9553
seed 9554
seed 9555
seed 9556
seed 9557
seed 9558
seed 9559
seed 9560
seed 9561
seed 9562
seed 9563
seed 9564
seed 9565
seed 9566
seed 9567
seed 9568
seed 9569
seed 9570
seed 9571
seed 9572
seed 9573
seed 9574
seed 9575
seed 9576
seed 9577
seed 9578
seed 9579
seed 9580
seed 9581
seed 9582
seed 9583
seed 9584
seed 9585
seed 9586
seed 9587
seed 9588
seed 9589
seed 9590
seed 9591
seed 9592
seed 9593
seed 9594
seed 9595
seed 9596
seed 9597
seed 9598
seed 9599
seed 9600
seed 9601
seed 9602
seed 9603
seed 9604
seed 9605
seed 9606
seed 9607
seed 9608
seed 9609
seed 9610
seed 9611
seed 9612
seed 9613
seed 9614
seed 9615
seed 9616
seed 9617
seed 9618
seed 9619
seed 9620
seed 9621
seed 9622
seed 9623
seed 9624
seed 9625
seed 9626
seed 9627
seed 9628
seed 9629
seed 9630
seed 9631
seed 9632
seed 9633
seed 9634
seed 9635
seed 9636
seed 9637
seed 9638
seed 9639
seed 9640
seed 9641
seed 9642
seed 9643
seed 9644
seed 9645
seed 9646
seed 9647
seed 9648
seed 9649
seed 9650
seed 9651
seed 9652
seed 9653
seed 9654
seed 9655
seed 9656
seed 9657
seed 9658
seed 9659
seed 9660
seed 9661
seed 9662
seed 9663
seed 9664
seed 9665
seed 9666
seed 9667
seed 9668
seed 9669
seed 9670
seed 9671
seed 9672
seed 9673
seed 9674
seed 9675
seed 9676
seed 9677
seed 9678
seed 9679
seed 9680
seed 9681
seed 9682
seed 9683
seed 9684
seed 9685
seed 9686
seed 9687
seed 9688
seed 9689
seed 9690
seed 9691
seed 9692
seed 9693
seed 9694
seed 9695
seed 9696
seed 9697
seed 9698
seed 9699
seed 9700
seed 9701
seed 9702
seed 9703
seed 9704
seed 9705
seed 9706
seed 9707
seed 9708
seed 9709
seed 9710
seed 9711
seed 9712
seed 9713
seed 9714
seed 9715
seed 9716
seed 9717
seed 9718
seed 9719
seed 9720
seed 9721
seed 9722
seed 9723
seed 9724
seed 9725
seed 9726
seed 9727
seed 9728
seed 9729
seed 9730
seed 9731
seed 9732
seed 9733
seed 9734
seed 9735
seed 9736
seed 9737
seed 9738
seed 9739
seed 9740
seed 9741
seed 9742
seed 9743
seed 9744
seed 9745
seed 9746
seed 9747
seed 9748
seed 9749
seed 9750
seed 9751
seed 9752
seed 9753
seed 9754
seed 9755
seed 9756
seed 9757
seed 9758
seed 9759
seed 9760
seed 9761
seed 9762
seed 9763
seed 9764
seed 9765
seed 9766
seed 9767
seed 9768
seed 9769
seed 9770
seed 9771
seed 9772
seed 9773
seed 9774
seed 9775
seed 9776
seed 9777
seed 9778
seed 9779
seed 9780
seed 9781
seed 9782
seed 9783
seed 9784
seed 9785
seed 9786
seed 9787
seed 9788
seed 9789
seed 9790
seed 9791
seed 9792
seed 9793
seed 9794
seed 9795
seed 9796
seed 9797
seed 9798
seed 9799
seed 9800
seed 9801
seed 9802
seed 9803
seed 9804
seed 9805
seed 9806
seed 9807
seed 9808
seed 9809
seed 9810
seed 9811
seed 9812
seed 9813
seed 9814
seed 9815
seed 9816
seed 9817
seed 9818
seed 9819
seed 9820
seed 9821
seed 9822
seed 9823
seed 9824
seed 9825
seed 9826
seed 9827
seed 9828
seed 9829
seed 9830
seed 9831
seed 9832
seed 9833
seed 9834
seed 9835
seed 9836
seed 9837
seed 9838
seed 9839
seed 9840
seed 9841
seed 9842
seed 9843
seed 9844
seed 9845
seed 9846
seed 9847
seed 9848
seed 9849
seed 9850
seed 9851
seed 9852
seed 9853
seed 9854
seed 9855
seed 9856
seed 9857
seed 9858
seed 9859
seed 9860
seed 9861
seed 9862
seed 9863
seed 9864
seed 9865
seed 9866
seed 9867
seed 9868
seed 9869
seed 9870
seed 9871
seed 9872
seed 9873
seed 9874
seed 9875
seed 9876
seed 9877
seed 9878
seed 9879
seed 9880
seed 9881
seed 9882
seed 9883
seed 9884
seed 9885
seed 9886
seed 9887
seed 9888
seed 9889
seed 9890
seed 9891
seed 9892
seed 9893
seed 9894
seed 9895
seed 9896
seed 9897
seed 9898
seed 9899
seed 9900
seed 9901
seed 9902
seed 9903
seed 9904
seed 9905
seed 9906
seed 9907
seed 9908
seed 9909
seed 9910
seed 9911
seed 9912
seed 9913
seed 9914
seed 9915
seed 9916
seed 9917
seed 9918
seed 9919
seed 9920
seed 9921
seed 9922
seed 9923
seed 9924
seed 9925
seed 9926
seed 9927
seed 9928
seed 9929
seed 9930
seed 9931
seed 9932
seed 9933
seed 9934
seed 9935
seed 9936
seed 9937
seed 9938
seed 9939
seed 9940
seed 9941
seed 9942
seed 9943
seed 9944
seed 9945
seed 9946
seed 9947
seed 9948
seed 9949
seed 9950
seed 9951
seed 9952
seed 9953
seed 9954
seed 9955
seed 9956
seed 9957
seed 9958
seed 9959
seed 9960
seed 9961
seed 9962
seed 9963
seed 9964
seed 9965
seed 9966
seed 9967
seed 9968
seed 9969
seed 9970
seed 9971
seed 9972
seed 9973
seed 9974
seed 9975
seed 9976
seed 9977
seed 9978
seed 9979
seed 9980
seed 9981
seed 9982
seed 9983
seed 9984
seed 9985
seed 9986
seed 9987
seed 9988
seed 9989
seed 9990
seed 9991
seed 9992
seed 9993
seed 9994
seed 9995
seed 9996
seed 9997
seed 9998
seed 9999
seed 10000
seed 10001
seed 10002
seed 10003
seed 10004
seed 10005
seed 10006
seed 10007
seed 10008
seed 10009
seed 10010
seed 10011
seed 10012
seed 10013
seed 10014
seed 10015
seed 10016
seed 10017
seed 10018
seed 10019
seed 10020
seed 10021
seed 10022
seed 10023
seed 10024
seed 10025
seed 10026
seed 10027
seed 10028
seed 10029
seed 10030
seed 10031
seed 10032
seed 10033
seed 10034
seed 10035
seed 10036
seed 10037
seed 10038
seed 10039
seed 10040
seed 10041
seed 10042
seed 10043
seed 10044
seed 10045
seed 10046
seed 10047
seed 10048
seed 10049
seed 10050
seed 10051
seed 10052
seed 10053
seed 10054
seed 10055
seed 10056
seed 10057
seed 10058
seed 10059
seed 10060
seed 10061
seed 10062
seed 10063
seed 10064
seed 10065
seed 10066
seed 10067
seed 10068
seed 10069
seed 10070
seed 10071
seed 10072
seed 10073
seed 10074
seed 10075
seed 10076
seed 10077
seed 10078
seed 10079
seed 10080
seed 10081
seed 10082
seed 10083
seed 10084
seed 10085
seed 10086
seed 10087
seed 10088
seed 10089
seed 10090
seed 10091
seed 10092
seed 10093
seed 10094
seed 10095
seed 10096
seed 10097
seed 10098
seed 10099
seed 10100
seed 10101
seed 10102
seed 10103
seed 10104
seed 10105
seed 10106
seed 10107
seed 10108
seed 10109
seed 10110
seed 10111
seed 10112
seed 10113
seed 10114
seed 10115
seed 10116
seed 10117
seed 10118
seed 10119
seed 10120
seed 10121
seed 10122
seed 10123
seed 10124
seed 10125
seed 10126
seed 10127
seed 10128
seed 10129
seed 10130
seed 10131
seed 10132
seed 10133
seed 10134
seed 10135
seed 10136
seed 10137
seed 10138
seed 10139
seed 10140
seed 10141
seed 10142
seed 10143
seed 10144
seed 10145
seed 10146
seed 10147
seed 10148
seed 10149
seed 10150
seed 10151
seed 10152
seed 10153
seed 10154
seed 10155
seed 10156
seed 10157
seed 10158
seed 10159
seed 10160
seed 10161
seed 10162
seed 10163
seed 10164
seed 10165
seed 10166
seed 10167
seed 10168
seed 10169
seed 10170
seed 10171
seed 10172
seed 10173
seed 10174
seed 10175
seed 10176
seed 10177
seed 10178
seed 10179
seed 10180
seed 10181
seed 10182
seed 10183
seed 10184
seed 10185
seed 10186
seed 10187
seed 10188
seed 10189
seed 10190
seed 10191
seed 10192
seed 10193
seed 10194
seed 10195
seed 10196
seed 10197
seed 10198
seed 10199
seed 10200
seed 10201
seed 10202
seed 10203
seed 10204
seed 10205
seed 10206
seed 10207
seed 10208
seed 10209
seed 10210
seed 10211
seed 10212
seed 10213
seed 10214
seed 10215
seed 10216
seed 10217
seed 10218
seed 10219
seed 10220
seed 10221
seed 10222
seed 10223
seed 10224
seed 10225
seed 10226
seed 10227
seed 10228
seed 10229
seed 10230
seed 10231
seed 10232
seed 10233
seed 10234
seed 10235
seed 10236
seed 10237
seed 10238
seed 10239
seed 10240
seed 10241
seed 10242
seed 10243
seed 10244
seed 10245
seed 10246
seed 10247
seed 10248
seed 10249
seed 10250
seed 10251
seed 10252
seed 10253
seed 10254
seed 10255
seed 10256
seed 10257
seed 10258
seed 10259
seed 10260
seed 10261
seed 10262
seed 10263
seed 10264
seed 10265
seed 10266
seed 10267
seed 10268
seed 10269
seed 10270
seed 10271
seed 10272
seed 10273
seed 10274
seed 10275
seed 10276
seed 10277
seed 10278
seed 10279
seed 10280
seed 10281
seed 10282
seed 10283
seed 10284
seed 10285
seed 10286
seed 10287
seed 10288
seed 10289
seed 10290
seed 10291
seed 10292
seed 10293
seed 10294
seed 10295
seed 10296
seed 10297
seed 10298
seed 10299
seed 10300
seed 10301
seed 10302
seed 10303
seed 10304
seed 10305
seed 10306
seed 10307
seed 10308
seed 10309
seed 10310
seed 10311
seed 10312
seed 10313
seed 10314
seed 10315
seed 10316
seed 10317
seed 10318
seed 10319
seed 10320
seed 10321
seed 10322
seed 10323
seed 10324
seed 10325
seed 10326
seed 10327
seed 10328
seed 10329
seed 10330
seed 10331
seed 10332
seed 10333
seed 10334
seed 10335
seed 10336
seed 10337
seed 10338
seed 10339
seed 10340
seed 10341
seed 10342
seed 10343
seed 10344
seed 10345
seed 10346
seed 10347
seed 10348
seed 10349
seed 10350
seed 10351
seed 10352
seed 10353
seed 10354
seed 10355
seed 10356
seed 10357
seed 10358
seed 10359
seed 10360
seed 10361
seed 10362
seed 10363
seed 10364
seed 10365
seed 10366
seed 10367
seed 10368
seed 10369
seed 10370
seed 10371
seed 10372
seed 10373
seed 10374
seed 10375
seed 10376
seed 10377
seed 10378
seed 10379
seed 10380
seed 10381
seed 10382
seed 10383
seed 10384
seed 10385
seed 10386
seed 10387
seed 10388
seed 10389
seed 10390
seed 10391
seed 10392
seed 10393
seed 10394
seed 10395
seed 10396
seed 10397
seed 10398
seed 10399
seed 10400
seed 10401
seed 10402
seed 10403
seed 10404
seed 10405
seed 10406
seed 10407
seed 10408
seed 10409
seed 10410
seed 10411
seed 10412
seed 10413
seed 10414
seed 10415
seed 10416
seed 10417
seed 10418
seed 10419
seed 10420
seed 10421
seed 10422
seed 10423
seed 10424
seed 10425
seed 10426
seed 10427
seed 10428
seed 10429
seed 10430
seed 10431
seed 10432
seed 10433
seed 10434
seed 10435
seed 10436
seed 10437
seed 10438
seed 10439
seed 10440
seed 10441
seed 10442
seed 10443
seed 10444
seed 10445
seed 10446
seed 10447
seed 10448
seed 10449
seed 10450
seed 10451
seed 10452
seed 10453
seed 10454
seed 10455
seed 10456
seed 10457
seed 10458
seed 10459
seed 10460
seed 10461
seed 10462
seed 10463
seed 10464
seed 10465
seed 10466
seed 10467
seed 10468
seed 10469
seed 10470
seed 10471
seed 10472
seed 10473
seed 10474
seed 10475
seed 10476
seed 10477
seed 10478
seed 10479
seed 10480
seed 10481
seed 10482
seed 10483
seed 10484
seed 10485
seed 10486
seed 10487
seed 10488
seed 10489
seed 10490
seed 10491
seed 10492
seed 10493
seed 10494
seed 10495
seed 10496
seed 10497
seed 10498
seed 10499
seed 10500
seed 10501
seed 10502
seed 10503
seed 10504
seed 10505
seed 10506
seed 10507
seed 10508
seed 10509
seed 10510
seed 10511
seed 10512
seed 10513
seed 10514
seed 10515
seed 10516
seed 10517
seed 10518
seed 10519
seed 10520
seed 10521
seed 10522
seed 10523
seed 10524
seed 10525
seed 10526
seed 10527
seed 10528
seed 10529
seed 10530
seed 10531
seed 10532
seed 10533
seed 10534
seed 10535
seed 10536
seed 10537
seed 10538
seed 10539
seed 10540
seed 10541
seed 10542
seed 10543
seed 10544
seed 10545
seed 10546
seed 10547
seed 10548
seed 10549
seed 10550
seed 10551
seed 10552
seed 10553
seed 10554
seed 10555
seed 10556
seed 10557
seed 10558
seed 10559
seed 10560
seed 10561
seed 10562
seed 10563
seed 10564
seed 10565
seed 10566
seed 10567
seed 10568
seed 10569
seed 10570
seed 10571
seed 10572
seed 10573
seed 10574
seed 10575
seed 10576
seed 10577
seed 10578
seed 10579
seed 10580
seed 10581
seed 10582
seed 10583
seed 10584
seed 10585
seed 10586
seed 10587
seed 10588
seed 10589
seed 10590
seed 10591
seed 10592
seed 10593
seed 10594
seed 10595
seed 10596
seed 10597
seed 10598
seed 10599
seed 10600
seed 10601
seed 10602
seed 10603
seed 10604
seed 10605
seed 10606
seed 10607
seed 10608
seed 10609
seed 10610
seed 10611
seed 10612
seed 10613
seed 10614
seed 10615
seed 10616
seed 10617
seed 10618
seed 10619
seed 10620
seed 10621
seed 10622
seed 10623
seed 10624
seed 10625
seed 10626
seed 10627
seed 10628
seed 10629
seed 10630
seed 10631
seed 10632
seed 10633
seed 10634
seed 10635
seed 10636
seed 10637
seed 10638
seed 10639
seed 10640
seed 10641
seed 10642
seed 10643
seed 10644
seed 10645
seed 10646
seed 10647
seed 10648
seed 10649
seed 10650
seed 10651
seed 10652
seed 10653
seed 10654
seed 10655
seed 10656
seed 10657
seed 10658
seed 10659
seed 10660
seed 10661
seed 10662
seed 10663
seed 10664
seed 10665
seed 10666
seed 10667
seed 10668
seed 10669
seed 10670
seed 10671
seed 10672
seed 10673
seed 10674
seed 10675
seed 10676
seed 10677
seed 10678
seed 10679
seed 10680
seed 10681
seed 10682
seed 10683
seed 10684
seed 10685
seed 10686
seed 10687
seed 10688
seed 10689
seed 10690
seed 10691
seed 10692
seed 10693
seed 10694
seed 10695
seed 10696
seed 10697
seed 10698
seed 10699
seed 10700
seed 10701
seed 10702
seed 10703
seed 10704
seed 10705
seed 10706
seed 10707
seed 10708
seed 10709
seed 10710
seed 10711
seed 10712
seed 10713
seed 10714
seed 10715
seed 10716
seed 10717
seed 10718
seed 10719
seed 10720
seed 10721
seed 10722
seed 10723
seed 10724
seed 10725
seed 10726
seed 10727
seed 10728
seed 10729
seed 10730
seed 10731
seed 10732
seed 10733
seed 10734
seed 10735
seed 10736
seed 10737
seed 10738
seed 10739
seed 10740
seed 10741
seed 10742
seed 10743
seed 10744
seed 10745
seed 10746
seed 10747
seed 10748
seed 10749
seed 10750
seed 10751
seed 10752
seed 10753
seed 10754
seed 10755
seed 10756
seed 10757
seed 10758
seed 10759
seed 10760
seed 10761
seed 10762
seed 10763
seed 10764
seed 10765
seed 10766
seed 10767
seed 10768
seed 10769
seed 10770
seed 10771
seed 10772
seed 10773
seed 10774
seed 10775
seed 10776
seed 10777
seed 10778
seed 10779
seed 10780
seed 10781
seed 10782
seed 10783
seed 10784
seed 10785
seed 10786
seed 10787
seed 10788
seed 10789
seed 10790
seed 10791
seed 10792
seed 10793
seed 10794
seed 10795
seed 10796
seed 10797
seed 10798
seed 10799
seed 10800
seed 10801
seed 10802
seed 10803
seed 10804
seed 10805
seed 10806
seed 10807
seed 10808
seed 10809
seed 10810
seed 10811
seed 10812
seed 10813
seed 10814
seed 10815
seed 10816
seed 10817
seed 10818
seed 10819
seed 10820
seed 10821
seed 10822
seed 10823
seed 10824
seed 10825
seed 10826
seed 10827
seed 10828
seed 10829
seed 10830
seed 10831
seed 10832
seed 10833
seed 10834
seed 10835
seed 10836
seed 10837
seed 10838
seed 10839
seed 10840
seed 10841
seed 10842
seed 10843
seed 10844
seed 10845
seed 10846
seed 10847
seed 10848
seed 10849
seed 10850
seed 10851
seed 10852
seed 10853
seed 10854
seed 10855
seed 10856
seed 10857
seed 10858
seed 10859
seed 10860
seed 10861
seed 10862
seed 10863
seed 10864
seed 10865
seed 10866
seed 10867
seed 10868
seed 10869
seed 10870
seed 10871
seed 10872
seed 10873
seed 10874
seed 10875
seed 10876
seed 10877
seed 10878
seed 10879
seed 10880
seed 10881
seed 10882
seed 10883
seed 10884
seed 10885
seed 10886
seed 10887
seed 10888
seed 10889
seed 10890
seed 10891
seed 10892
seed 10893
seed 10894
seed 10895
seed 10896
seed 10897
seed 10898
seed 10899
seed 10900
seed 10901
seed 10902
seed 10903
seed 10904
seed 10905
seed 10906
seed 10907
seed 10908
seed 10909
seed 10910
seed 10911
seed 10912
seed 10913
seed 10914
seed 10915
seed 10916
seed 10917
seed 10918
seed 10919
seed 10920
seed 10921
seed 10922
seed 10923
seed 10924
seed 10925
seed 10926
seed 10927
seed 10928
seed 10929
seed 10930
seed 10931
seed 10932
seed 10933
seed 10934
seed 10935
seed 10936
seed 10937
seed 10938
seed 10939
seed 10940
seed 10941
seed 10942
seed 10943
seed 10944
seed 10945
seed 10946
seed 10947
seed 10948
seed 10949
seed 10950
seed 10951
seed 10952
seed 10953
seed 10954
seed 10955
seed 10956
seed 10957
seed 10958
seed 10959
seed 10960
seed 10961
seed 10962
seed 10963
seed 10964
seed 10965
seed 10966
seed 10967
seed 10968
seed 10969
seed 10970
seed 10971
seed 10972
seed 10973
seed 10974
seed 10975
seed 10976
seed 10977
seed 10978
seed 10979
seed 10980
seed 10981
seed 10982
seed 10983
seed 10984
seed 10985
seed 10986
seed 10987
seed 10988
seed 10989
seed 10990
seed 10991
seed 10992
seed 10993
seed 10994
seed 10995
seed 10996
seed 10997
seed 10998
seed 10999
seed 11000
seed 11001
seed 11002
seed 11003
seed 11004
seed 11005
seed 11006
seed 11007
seed 11008
seed 11009
seed 11010
seed 11011
seed 11012
seed 11013
seed 11014
seed 11015
seed 11016
seed 11017
seed 11018
seed 11019
seed 11020
seed 11021
seed 11022
seed 11023
seed 11024
seed 11025
seed 11026
seed 11027
seed 11028
seed 11029
seed 11030
seed 11031
seed 11032
seed 11033
seed 11034
seed 11035
seed 11036
seed 11037
seed 11038
seed 11039
seed 11040
seed 11041
seed 11042
seed 11043
seed 11044
seed 11045
seed 11046
seed 11047
seed 11048
seed 11049
seed 11050
seed 11051
seed 11052
seed 11053
seed 11054
seed 11055
seed 11056
seed 11057
seed 11058
seed 11059
seed 11060
seed 11061
seed 11062
seed 11063
seed 11064
seed 11065
seed 11066
seed 11067
seed 11068
seed 11069
seed 11070
seed 11071
seed 11072
seed 11073
seed 11074
seed 11075
seed 11076
seed 11077
seed 11078
seed 11079
seed 11080
seed 11081
seed 11082
seed 11083
seed 11084
seed 11085
seed 11086
seed 11087
seed 11088
seed 11089
seed 11090
seed 11091
seed 11092
seed 11093
seed 11094
seed 11095
seed 11096
seed 11097
seed 11098
seed 11099
seed 11100
seed 11101
seed 11102
seed 11103
seed 11104
seed 11105
seed 11106
seed 11107
seed 11108
seed 11109
seed 11110
seed 11111
seed 11112
seed 11113
seed 11114
seed 11115
seed 11116
seed 11117
seed 11118
seed 11119
seed 11120
seed 11121
seed 11122
seed 11123
seed 11124
seed 11125
seed 11126
seed 11127
seed 11128
seed 11129
seed 11130
seed 11131
seed 11132
seed 11133
seed 11134
seed 11135
seed 11136
seed 11137
seed 11138
seed 11139
seed 11140
seed 11141
seed 11142
seed 11143
seed 11144
seed 11145
seed 11146
seed 11147
seed 11148
seed 11149
seed 11150
seed 11151
seed 11152
seed 11153
seed 11154
seed 11155
seed 11156
seed 11157
seed 11158
seed 11159
seed 11160
seed 11161
seed 11162
seed 11163
seed 11164
seed 11165
seed 11166
seed 11167
seed 11168
seed 11169
seed 11170
seed 11171
seed 11172
seed 11173
seed 11174
seed 11175
seed 11176
seed 11177
seed 11178
seed 11179
seed 11180
seed 11181
seed 11182
seed 11183
seed 11184
seed 11185
seed 11186
seed 11187
seed 11188
seed 11189
seed 11190
seed 11191
seed 11192
seed 11193
seed 11194
seed 11195
seed 11196
seed 11197
seed 11198
seed 11199
seed 11200
seed 11201
seed 11202
seed 11203
seed 11204
seed 11205
seed 11206
seed 11207
seed 11208
seed 11209
seed 11210
seed 11211
seed 11212
seed 11213
seed 11214
seed 11215
seed 11216
seed 11217
seed 11218
seed 11219
seed 11220
seed 11221
seed 11222
seed 11223
seed 11224
seed 11225
seed 11226
seed 11227
seed 11228
seed 11229
seed 11230
seed 11231
seed 11232
seed 11233
seed 11234
seed 11235
seed 11236
seed 11237
seed 11238
seed 11239
seed 11240
seed 11241
seed 11242
seed 11243
seed 11244
seed 11245
seed 11246
seed 11247
seed 11248
seed 11249
seed 11250
seed 11251
seed 11252
seed 11253
seed 11254
seed 11255
seed 11256
seed 11257
seed 11258
seed 11259
seed 11260
seed 11261
seed 11262
seed 11263
seed 11264
seed 11265
seed 11266
seed 11267
seed 11268
seed 11269
seed 11270
seed 11271
seed 11272
seed 11273
seed 11274
seed 11275
seed 11276
seed 11277
seed 11278
seed 11279
seed 11280
seed 11281
seed 11282
seed 11283
seed 11284
seed 11285
seed 11286
seed 11287
seed 11288
seed 11289
seed 11290
seed 11291
seed 11292
seed 11293
seed 11294
seed 11295
seed 11296
seed 11297
seed 11298
seed 11299
seed 11300
seed 11301
seed 11302
seed 11303
seed 11304
seed 11305
seed 11306
seed 11307
seed 11308
seed 11309
seed 11310
seed 11311
seed 11312
seed 11313
seed 11314
seed 11315
seed 11316
seed 11317
seed 11318
seed 11319
seed 11320
seed 11321
seed 11322
seed 11323
seed 11324
seed 11325
seed 11326
seed 11327
seed 11328
seed 11329
seed 11330
seed 11331
seed 11332
seed 11333
seed 11334
seed 11335
seed 11336
seed 11337
seed 11338
seed 11339
seed 11340
seed 11341
seed 11342
seed 11343
seed 11344
seed 11345
seed 11346
seed 11347
seed 11348
seed 11349
seed 11350
seed 11351
seed 11352
seed 11353
seed 11354
seed 11355
seed 11356
seed 11357
seed 11358
seed 11359
seed 11360
seed 11361
seed 11362
seed 11363
seed 11364
seed 11365
seed 11366
seed 11367
seed 11368
seed 11369
seed 11370
seed 11371
seed 11372
seed 11373
seed 11374
seed 11375
seed 11376
seed 11377
seed 11378
seed 11379
seed 11380
seed 11381
seed 11382
seed 11383
seed 11384
seed 11385
seed 11386
seed 11387
seed 11388
seed 11389
seed 11390
seed 11391
seed 11392
seed 11393
seed 11394
seed 11395
seed 11396
seed 11397
seed 11398
seed 11399
seed 11400
seed 11401
seed 11402
seed 11403
seed 11404
seed 11405
seed 11406
seed 11407
seed 11408
seed 11409
seed 11410
seed 11411
seed 11412
seed 11413
seed 11414
seed 11415
seed 11416
seed 11417
seed 11418
seed 11419
seed 11420
seed 11421
seed 11422
seed 11423
seed 11424
seed 11425
seed 11426
seed 11427
seed 11428
seed 11429
seed 11430
seed 11431
seed 11432
seed 11433
seed 11434
seed 11435
seed 11436
seed 11437
seed 11438
seed 11439
seed 11440
seed 11441
seed 11442
seed 11443
seed 11444
seed 11445
seed 11446
seed 11447
seed 11448
seed 11449
seed 11450
seed 11451
seed 11452
seed 11453
seed 11454
seed 11455
seed 11456
seed 11457
seed 11458
seed 11459
seed 11460
seed 11461
seed 11462
seed 11463
seed 11464
seed 11465
seed 11466
seed 11467
seed 11468
seed 11469
seed 11470
seed 11471
seed 11472
seed 11473
seed 11474
seed 11475
seed 11476
seed 11477
seed 11478
seed 11479
seed 11480
seed 11481
seed 11482
seed 11483
seed 11484
seed 11485
seed 11486
seed 11487
seed 11488
seed 11489
seed 11490
seed 11491
seed 11492
seed 11493
seed 11494
seed 11495
seed 11496
seed 11497
seed 11498
seed 11499
seed 11500
seed 11501
seed 11502
seed 11503
seed 11504
seed 11505
seed 11506
seed 11507
seed 11508
seed 11509
seed 11510
seed 11511
seed 11512
seed 11513
seed 11514
seed 11515
seed 11516
seed 11517
seed 11518
seed 11519
seed 11520
seed 11521
seed 11522
seed 11523
seed 11524
seed 11525
seed 11526
seed 11527
seed 11528
seed 11529
seed 11530
seed 11531
seed 11532
seed 11533
seed 11534
seed 11535
seed 11536
seed 11537
seed 11538
seed 11539
seed 11540
seed 11541
seed 11542
seed 11543
seed 11544
seed 11545
seed 11546
seed 11547
seed 11548
seed 11549
seed 11550
seed 11551
seed 11552
seed 11553
seed 11554
seed 11555
seed 11556
seed 11557
seed 11558
seed 11559
seed 11560
seed 11561
seed 11562
seed 11563
seed 11564
seed 11565
seed 11566
seed 11567
seed 11568
seed 11569
seed 11570
seed 11571
seed 11572
seed 11573
seed 11574
seed 11575
seed 11576
seed 11577
seed 11578
seed 11579
seed 11580
seed 11581
seed 11582
seed 11583
seed 11584
seed 11585
seed 11586
seed 11587
seed 11588
seed 11589
seed 11590
seed 11591
seed 11592
seed 11593
seed 11594
seed 11595
seed 11596
seed 11597
seed 11598
seed 11599
seed 11600
seed 11601
seed 11602
seed 11603
seed 11604
seed 11605
seed 11606
seed 11607
seed 11608
seed 11609
seed 11610
seed 11611
seed 11612
seed 11613
seed 11614
seed 11615
seed 11616
seed 11617
seed 11618
seed 11619
seed 11620
seed 11621
seed 11622
seed 11623
seed 11624
seed 11625
seed 11626
seed 11627
seed 11628
seed 11629
seed 11630
seed 11631
seed 11632
seed 11633
seed 11634
seed 11635
seed 11636
seed 11637
seed 11638
seed 11639
seed 11640
seed 11641
seed 11642
seed 11643
seed 11644
seed 11645
seed 11646
seed 11647
seed 11648
seed 11649
seed 11650
seed 11651
seed 11652
seed 11653
seed 11654
seed 11655
seed 11656
seed 11657
seed 11658
seed 11659
seed 11660
seed 11661
seed 11662
seed 11663
seed 11664
seed 11665
seed 11666
seed 11667
seed 11668
seed 11669
seed 11670
seed 11671
seed 11672
seed 11673
seed 11674
seed 11675
seed 11676
seed 11677
seed 11678
seed 11679
seed 11680
seed 11681
seed 11682
seed 11683
seed 11684
seed 11685
seed 11686
seed 11687
seed 11688
seed 11689
seed 11690
seed 11691
seed 11692
seed 11693
seed 11694
seed 11695
seed 11696
seed 11697
seed 11698
seed 11699
seed 11700
seed 11701
seed 11702
seed 11703
seed 11704
seed 11705
seed 11706
seed 11707
seed 11708
seed 11709
seed 11710
seed 11711
seed 11712
seed 11713
seed 11714
seed 11715
seed 11716
seed 11717
seed 11718
seed 11719
seed 11720
seed 11721
seed 11722
seed 11723
seed 11724
seed 11725
seed 11726
seed 11727
seed 11728
seed 11729
seed 11730
seed 11731
seed 11732
seed 11733
seed 11734
seed 11735
seed 11736
seed 11737
seed 11738
seed 11739
seed 11740
seed 11741
seed 11742
seed 11743
seed 11744
seed 11745
seed 11746
seed 11747
seed 11748
seed 11749
seed 11750
seed 11751
seed 11752
seed 11753
seed 11754
seed 11755
seed 11756
seed 11757
seed 11758
seed 11759
seed 11760
seed 11761
seed 11762
seed 11763
seed 11764
seed 11765
seed 11766
seed 11767
seed 11768
seed 11769
seed 11770
seed 11771
seed 11772
seed 11773
seed 11774
seed 11775
seed 11776
seed 11777
seed 11778
seed 11779
seed 11780
seed 11781
seed 11782
seed 11783
seed 11784
seed 11785
seed 11786
seed 11787
seed 11788
seed 11789
seed 11790
seed 11791
seed 11792
seed 11793
seed 11794
seed 11795
seed 11796
seed 11797
seed 11798
seed 11799
seed 11800
seed 11801
seed 11802
seed 11803
seed 11804
seed 11805
seed 11806
seed 11807
seed 11808
seed 11809
seed 11810
seed 11811
seed 11812
seed 11813
seed 11814
seed 11815
seed 11816
seed 11817
seed 11818
seed 11819
seed 11820
seed 11821
seed 11822
seed 11823
seed 11824
seed 11825
seed 11826
seed 11827
seed 11828
seed 11829
seed 11830
seed 11831
seed 11832
seed 11833
seed 11834
seed 11835
seed 11836
seed 11837
seed 11838
seed 11839
seed 11840
seed 11841
seed 11842
seed 11843
seed 11844
seed 11845
seed 11846
seed 11847
seed 11848
seed 11849
seed 11850
seed 11851
seed 11852
seed 11853
seed 11854
seed 11855
seed 11856
seed 11857
seed 11858
seed 11859
seed 11860
seed 11861
seed 11862
seed 11863
seed 11864
seed 11865
seed 11866
seed 11867
seed 11868
seed 11869
seed 11870
seed 11871
seed 11872
seed 11873
seed 11874
seed 11875
seed 11876
seed 11877
seed 11878
seed 11879
seed 11880
seed 11881
seed 11882
seed 11883
seed 11884
seed 11885
seed 11886
seed 11887
seed 11888
seed 11889
seed 11890
seed 11891
seed 11892
seed 11893
seed 11894
seed 11895
seed 11896
seed 11897
seed 11898
seed 11899
seed 11900
seed 11901
seed 11902
seed 11903
seed 11904
seed 11905
seed 11906
seed 11907
seed 11908
seed 11909
seed 11910
seed 11911
seed 11912
seed 11913
seed 11914
seed 11915
seed 11916
seed 11917
seed 11918
seed 11919
seed 11920
seed 11921
seed 11922
seed 11923
seed 11924
seed 11925
seed 11926
seed 11927
seed 11928
seed 11929
seed 11930
seed 11931
seed 11932
seed 11933
seed 11934
seed 11935
seed 11936
seed 11937
seed 11938
seed 11939
seed 11940
seed 11941
seed 11942
seed 11943
seed 11944
seed 11945
seed 11946
seed 11947
seed 11948
seed 11949
seed 11950
seed 11951
seed 11952
seed 11953
seed 11954
seed 11955
seed 11956
seed 11957
seed 11958
seed 11959
seed 11960
seed 11961
seed 11962
seed 11963
seed 11964
seed 11965
seed 11966
seed 11967
seed 11968
seed 11969
seed 11970
seed 11971
seed 11972
seed 11973
seed 11974
seed 11975
seed 11976
seed 11977
seed 11978
seed 11979
seed 11980
seed 11981
seed 11982
seed 11983
seed 11984
seed 11985
seed 11986
seed 11987
seed 11988
seed 11989
seed 11990
seed 11991
seed 11992
seed 11993
seed 11994
seed 11995
seed 11996
seed 11997
seed 11998
seed 11999
seed 12000
seed 12001
seed 12002
seed 12003
seed 12004
seed 12005
seed 12006
seed 12007
seed 12008
seed 12009
seed 12010
seed 12011
seed 12012
seed 12013
seed 12014
seed 12015
seed 12016
seed 12017
seed 12018
seed 12019
seed 12020
seed 12021
seed 12022
seed 12023
seed 12024
seed 12025
seed 12026
seed 12027
seed 12028
seed 12029
seed 12030
seed 12031
seed 12032
seed 12033
seed 12034
seed 12035
seed 12036
seed 12037
seed 12038
seed 12039
seed 12040
seed 12041
seed 12042
seed 12043
seed 12044
seed 12045
seed 12046
seed 12047
seed 12048
seed 12049
seed 12050
seed 12051
seed 12052
seed 12053
seed 12054
seed 12055
seed 12056
seed 12057
seed 12058
seed 12059
seed 12060
seed 12061
seed 12062
seed 12063
seed 12064
seed 12065
seed 12066
seed 12067
seed 12068
seed 12069
seed 12070
seed 12071
seed 12072
seed 12073
seed 12074
seed 12075
seed 12076
seed 12077
seed 12078
seed 12079
seed 12080
seed 12081
seed 12082
seed 12083
seed 12084
seed 12085
seed 12086
seed 12087
seed 12088
seed 12089
seed 12090
seed 12091
seed 12092
seed 12093
seed 12094
seed 12095
seed 12096
seed 12097
seed 12098
seed 12099
seed 12100
seed 12101
seed 12102
seed 12103
seed 12104
seed 12105
seed 12106
seed 12107
seed 12108
seed 12109
seed 12110
seed 12111
seed 12112
seed 12113
seed 12114
seed 12115
seed 12116
seed 12117
seed 12118
seed 12119
seed 12120
seed 12121
seed 12122
seed 12123
seed 12124
seed 12125
seed 12126
seed 12127
seed 12128
seed 12129
seed 12130
seed 12131
seed 12132
seed 12133
seed 12134
seed 12135
seed 12136
seed 12137
seed 12138
seed 12139
seed 12140
seed 12141
seed 12142
seed 12143
seed 12144
seed 12145
seed 12146
seed 12147
seed 12148
seed 12149
seed 12150
seed 12151
seed 12152
seed 12153
seed 12154
seed 12155
seed 12156
seed 12157
seed 12158
seed 12159
seed 12160
seed 12161
seed 12162
seed 12163
seed 12164
seed 12165
seed 12166
seed 12167
seed 12168
seed 12169
seed 12170
seed 12171
seed 12172
seed 12173
seed 12174
seed 12175
seed 12176
seed 12177
seed 12178
seed 12179
seed 12180
seed 12181
seed 12182
seed 12183
seed 12184
seed 12185
seed 12186
seed 12187
seed 12188
seed 12189
seed 12190
seed 12191
seed 12192
seed 12193
seed 12194
seed 12195
seed 12196
seed 12197
seed 12198
seed 12199
seed 12200
seed 12201
seed 12202
seed 12203
seed 12204
seed 12205
seed 12206
seed 12207
seed 12208
seed 12209
seed 12210
seed 12211
seed 12212
seed 12213
seed 12214
seed 12215
seed 12216
seed 12217
seed 12218
seed 12219
seed 12220
seed 12221
seed 12222
seed 12223
seed 12224
seed 12225
seed 12226
seed 12227
seed 12228
seed 12229
seed 12230
seed 12231
seed 12232
seed 12233
seed 12234
seed 12235
seed 12236
seed 12237
seed 12238
seed 12239
seed 12240
seed 12241
seed 12242
seed 12243
seed 12244
seed 12245
seed 12246
seed 12247
seed 12248
seed 12249
seed 12250
seed 12251
seed 12252
seed 12253
seed 12254
seed 12255
seed 12256
seed 12257
seed 12258
seed 12259
seed 12260
seed 12261
seed 12262
seed 12263
seed 12264
seed 12265
seed 12266
seed 12267
seed 12268
seed 12269
seed 12270
seed 12271
seed 12272
seed 12273
seed 12274
seed 12275
seed 12276
seed 12277
seed 12278
seed 12279
seed 12280
seed 12281
seed 12282
seed 12283
seed 12284
seed 12285
seed 12286
seed 12287
seed 12288
seed 12289
seed 12290
seed 12291
seed 12292
seed 12293
seed 12294
seed 12295
seed 12296
seed 12297
seed 12298
seed 12299
seed 12300
seed 12301
seed 12302
seed 12303
seed 12304
seed 12305
seed 12306
seed 12307
seed 12308
seed 12309
seed 12310
seed 12311
seed 12312
seed 12313
seed 12314
seed 12315
seed 12316
seed 12317
seed 12318
seed 12319
seed 12320
seed 12321
seed 12322
seed 12323
seed 12324
seed 12325
seed 12326
seed 12327
seed 12328
seed 12329
seed 12330
seed 12331
seed 12332
seed 12333
seed 12334
seed 12335
seed 12336
seed 12337
seed 12338
seed 12339
seed 12340
seed 12341
seed 12342
seed 12343
seed 12344
seed 12345
seed 12346
seed 12347
seed 12348
seed 12349
seed 12350
seed 12351
seed 12352
seed 12353
seed 12354
seed 12355
seed 12356
seed 12357
seed 12358
seed 12359
seed 12360
seed 12361
seed 12362
seed 12363
seed 12364
seed 12365
seed 12366
seed 12367
seed 12368
seed 12369
seed 12370
seed 12371
seed 12372
seed 12373
seed 12374
seed 12375
seed 12376
seed 12377
seed 12378
seed 12379
seed 12380
seed 12381
seed 12382
seed 12383
seed 12384
seed 12385
seed 12386
seed 12387
seed 12388
seed 12389
seed 12390
seed 12391
seed 12392
seed 12393
seed 12394
seed 12395
seed 12396
seed 12397
seed 12398
seed 12399
seed 12400
seed 12401
seed 12402
seed 12403
seed 12404
seed 12405
seed 12406
seed 12407
seed 12408
seed 12409
seed 12410
seed 12411
seed 12412
seed 12413
seed 12414
seed 12415
seed 12416
seed 12417
seed 12418
seed 12419
seed 12420
seed 12421
seed 12422
seed 12423
seed 12424
seed 12425
seed 12426
seed 12427
seed 12428
seed 12429
seed 12430
seed 12431
seed 12432
seed 12433
seed 12434
seed 12435
seed 12436
seed 12437
seed 12438
seed 12439
seed 12440
seed 12441
seed 12442
seed 12443
seed 12444
seed 12445
seed 12446
seed 12447
seed 12448
seed 12449
seed 12450
seed 12451
seed 12452
seed 12453
seed 12454
seed 12455
seed 12456
seed 12457
seed 12458
seed 12459
seed 12460
seed 12461
seed 12462
seed 12463
seed 12464
seed 12465
seed 12466
seed 12467
seed 12468
seed 12469
seed 12470
seed 12471
seed 12472
seed 12473
seed 12474
seed 12475
seed 12476
seed 12477
seed 12478
seed 12479
seed 12480
seed 12481
seed 12482
seed 12483
seed 12484
seed 12485
seed 12486
seed 12487
seed 12488
seed 12489
seed 12490
seed 12491
seed 12492
seed 12493
seed 12494
seed 12495
seed 12496
seed 12497
seed 12498
seed 12499
seed 12500
seed 12501
seed 12502
seed 12503
seed 12504
seed 12505
seed 12506
seed 12507
seed 12508
seed 12509
seed 12510
seed 12511
seed 12512
seed 12513
seed 12514
seed 12515
seed 12516
seed 12517
seed 12518
seed 12519
seed 12520
seed 12521
seed 12522
seed 12523
seed 12524
seed 12525
seed 12526
seed 12527
seed 12528
seed 12529
seed 12530
seed 12531
seed 12532
seed 12533
seed 12534
seed 12535
seed 12536
seed 12537
seed 12538
seed 12539
seed 12540
seed 12541
seed 12542
seed 12543
seed 12544
seed 12545
seed 12546
seed 12547
seed 12548
seed 12549
seed 12550
seed 12551
seed 12552
seed 12553
seed 12554
seed 12555
seed 12556
seed 12557
seed 12558
seed 12559
seed 12560
seed 12561
seed 12562
seed 12563
seed 12564
seed 12565
seed 12566
seed 12567
seed 12568
seed 12569
seed 12570
seed 12571
seed 12572
seed 12573
seed 12574
seed 12575
seed 12576
seed 12577
seed 12578
seed 12579
seed 12580
seed 12581
seed 12582
seed 12583
seed 12584
seed 12585
seed 12586
seed 12587
seed 12588
seed 12589
seed 12590
seed 12591
seed 12592
seed 12593
seed 12594
seed 12595
seed 12596
seed 12597
seed 12598
seed 12599
seed 12600
seed 12601
seed 12602
seed 12603
seed 12604
seed 12605
seed 12606
seed 12607
seed 12608
seed 12609
seed 12610
seed 12611
seed 12612
seed 12613
seed 12614
seed 12615
seed 12616
seed 12617
seed 12618
seed 12619
seed 12620
seed 12621
seed 12622
seed 12623
seed 12624
seed 12625
seed 12626
seed 12627
seed 12628
seed 12629
seed 12630
seed 12631
seed 12632
seed 12633
seed 12634
seed 12635
seed 12636
seed 12637
seed 12638
seed 12639
seed 12640
seed 12641
seed 12642
seed 12643
seed 12644
seed 12645
seed 12646
seed 12647
seed 12648
seed 12649
seed 12650
seed 12651
seed 12652
seed 12653
seed 12654
seed 12655
seed 12656
seed 12657
seed 12658
seed 12659
seed 12660
seed 12661
seed 12662
seed 12663
seed 12664
seed 12665
seed 12666
seed 12667
seed 12668
seed 12669
seed 12670
seed 12671
seed 12672
seed 12673
seed 12674
seed 12675
seed 12676
seed 12677
seed 12678
seed 12679
seed 12680
seed 12681
seed 12682
seed 12683
seed 12684
seed 12685
seed 12686
seed 12687
seed 12688
seed 12689
seed 12690
seed 12691
seed 12692
seed 12693
seed 12694
seed 12695
seed 12696
seed 12697
seed 12698
seed 12699
seed 12700
seed 12701
seed 12702
seed 12703
seed 12704
seed 12705
seed 12706
seed 12707
seed 12708
seed 12709
seed 12710
seed 12711
seed 12712
seed 12713
seed 12714
seed 12715
seed 12716
seed 12717
seed 12718
seed 12719
seed 12720
seed 12721
seed 12722
seed 12723
seed 12724
seed 12725
seed 12726
seed 12727
seed 12728
seed 12729
seed 12730
seed 12731
seed 12732
seed 12733
seed 12734
seed 12735
seed 12736
seed 12737
seed 12738
seed 12739
seed 12740
seed 12741
seed 12742
seed 12743
seed 12744
seed 12745
seed 12746
seed 12747
seed 12748
seed 12749
seed 12750
seed 12751
seed 12752
seed 12753
seed 12754
seed 12755
seed 12756
seed 12757
seed 12758
seed 12759
seed 12760
seed 12761
seed 12762
seed 12763
seed 12764
seed 12765
seed 12766
seed 12767
seed 12768
seed 12769
seed 12770
seed 12771
seed 12772
seed 12773
seed 12774
seed 12775
seed 12776
seed 12777
seed 12778
seed 12779
seed 12780
seed 12781
seed 12782
seed 12783
seed 12784
seed 12785
seed 12786
seed 12787
seed 12788
seed 12789
seed 12790
seed 12791
seed 12792
seed 12793
seed 12794
seed 12795
seed 12796
seed 12797
seed 12798
seed 12799
seed 12800
seed 12801
seed 12802
seed 12803
seed 12804
seed 12805
seed 12806
seed 12807
seed 12808
seed 12809
seed 12810
seed 12811
seed 12812
seed 12813
seed 12814
seed 12815
seed 12816
seed 12817
seed 12818
seed 12819
seed 12820
seed 12821
seed 12822
seed 12823
seed 12824
seed 12825
seed 12826
seed 12827
seed 12828
seed 12829
seed 12830
seed 12831
seed 12832
seed 12833
seed 12834
seed 12835
seed 12836
seed 12837
seed 12838
seed 12839
seed 12840
seed 12841
seed 12842
seed 12843
seed 12844
seed 12845
seed 12846
seed 12847
seed 12848
seed 12849
seed 12850
seed 12851
seed 12852
seed 12853
seed 12854
seed 12855
seed 12856
seed 12857
seed 12858
seed 12859
seed 12860
seed 12861
seed 12862
seed 12863
seed 12864
seed 12865
seed 12866
seed 12867
seed 12868
seed 12869
seed 12870
seed 12871
seed 12872
seed 12873
seed 12874
seed 12875
seed 12876
seed 12877
seed 12878
seed 12879
seed 12880
seed 12881
seed 12882
seed 12883
seed 12884
seed 12885
seed 12886
seed 12887
seed 12888
seed 12889
seed 12890
seed 12891
seed 12892
seed 12893
seed 12894
seed 12895
seed 12896
seed 12897
seed 12898
seed 12899
seed 12900
seed 12901
seed 12902
seed 12903
seed 12904
seed 12905
seed 12906
seed 12907
seed 12908
seed 12909
seed 12910
seed 12911
seed 12912
seed 12913
seed 12914
seed 12915
seed 12916
seed 12917
seed 12918
seed 12919
seed 12920
seed 12921
seed 12922
seed 12923
seed 12924
seed 12925
seed 12926
seed 12927
seed 12928
seed 12929
seed 12930
seed 12931
seed 12932
seed 12933
seed 12934
seed 12935
seed 12936
seed 12937
seed 12938
seed 12939
seed 12940
seed 12941
seed 12942
seed 12943
seed 12944
seed 12945
seed 12946
seed 12947
seed 12948
seed 12949
seed 12950
seed 12951
seed 12952
seed 12953
seed 12954
seed 12955
seed 12956
seed 12957
seed 12958
seed 12959
seed 12960
seed 12961
seed 12962
seed 12963
seed 12964
seed 12965
seed 12966
seed 12967
seed 12968
seed 12969
seed 12970
seed 12971
seed 12972
seed 12973
seed 12974
seed 12975
seed 12976
seed 12977
seed 12978
seed 12979
seed 12980
seed 12981
seed 12982
seed 12983
seed 12984
seed 12985
seed 12986
seed 12987
seed 12988
seed 12989
seed 12990
seed 12991
seed 12992
seed 12993
seed 12994
seed 12995
seed 12996
seed 12997
seed 12998
seed 12999
seed 13000
seed 13001
seed 13002
seed 13003
seed 13004
seed 13005
seed 13006
seed 13007
seed 13008
seed 13009
seed 13010
seed 13011
seed 13012
seed 13013
seed 13014
seed 13015
seed 13016
seed 13017
seed 13018
seed 13019
seed 13020
seed 13021
seed 13022
seed 13023
seed 13024
seed 13025
seed 13026
seed 13027
seed 13028
seed 13029
seed 13030
seed 13031
seed 13032
seed 13033
seed 13034
seed 13035
seed 13036
seed 13037
seed 13038
seed 13039
seed 13040
seed 13041
seed 13042
seed 13043
seed 13044
seed 13045
seed 13046
seed 13047
seed 13048
seed 13049
seed 13050
seed 13051
seed 13052
seed 13053
seed 13054
seed 13055
seed 13056
seed 13057
seed 13058
seed 13059
seed 13060
seed 13061
seed 13062
seed 13063
seed 13064
seed 13065
seed 13066
seed 13067
seed 13068
seed 13069
seed 13070
seed 13071
seed 13072
seed 13073
seed 13074
seed 13075
seed 13076
seed 13077
seed 13078
seed 13079
seed 13080
seed 13081
seed 13082
seed 13083
seed 13084
seed 13085
seed 13086
seed 13087
seed 13088
seed 13089
seed 13090
seed 13091
seed 13092
seed 13093
seed 13094
seed 13095
seed 13096
seed 13097
seed 13098
seed 13099
seed 13100
seed 13101
seed 13102
seed 13103
seed 13104
seed 13105
seed 13106
seed 13107
seed 13108
seed 13109
seed 13110
seed 13111
seed 13112
seed 13113
seed 13114
seed 13115
seed 13116
seed 13117
seed 13118
seed 13119
seed 13120
seed 13121
seed 13122
seed 13123
seed 13124
seed 13125
seed 13126
seed 13127
seed 13128
seed 13129
seed 13130
seed 13131
seed 13132
seed 13133
seed 13134
seed 13135
seed 13136
seed 13137
seed 13138
seed 13139
seed 13140
seed 13141
seed 13142
seed 13143
seed 13144
seed 13145
seed 13146
seed 13147
seed 13148
seed 13149
seed 13150
seed 13151
seed 13152
seed 13153
seed 13154
seed 13155
seed 13156
seed 13157
seed 13158
seed 13159
seed 13160
seed 13161
seed 13162
seed 13163
seed 13164
seed 13165
seed 13166
seed 13167
seed 13168
seed 13169
seed 13170
seed 13171
seed 13172
seed 13173
seed 13174
seed 13175
seed 13176
seed 13177
seed 13178
seed 13179
seed 13180
seed 13181
seed 13182
seed 13183
seed 13184
seed 13185
seed 13186
seed 13187
seed 13188
seed 13189
seed 13190
seed 13191
seed 13192
seed 13193
seed 13194
seed 13195
seed 13196
seed 13197
seed 13198
seed 13199
seed 13200
seed 13201
seed 13202
seed 13203
seed 13204
seed 13205
seed 13206
seed 13207
seed 13208
seed 13209
seed 13210
seed 13211
seed 13212
seed 13213
seed 13214
seed 13215
seed 13216
seed 13217
seed 13218
seed 13219
seed 13220
seed 13221
seed 13222
seed 13223
seed 13224
seed 13225
seed 13226
seed 13227
seed 13228
seed 13229
seed 13230
seed 13231
seed 13232
seed 13233
seed 13234
seed 13235
seed 13236
seed 13237
seed 13238
seed 13239
seed 13240
seed 13241
seed 13242
seed 13243
seed 13244
seed 13245
seed 13246
seed 13247
seed 13248
seed 13249
seed 13250
seed 13251
seed 13252
seed 13253
seed 13254
seed 13255
seed 13256
seed 13257
seed 13258
seed 13259
seed 13260
seed 13261
seed 13262
seed 13263
seed 13264
seed 13265
seed 13266
seed 13267
seed 13268
seed 13269
seed 13270
seed 13271
seed 13272
seed 13273
seed 13274
seed 13275
seed 13276
seed 13277
seed 13278
seed 13279
seed 13280
seed 13281
seed 13282
seed 13283
seed 13284
seed 13285
seed 13286
seed 13287
seed 13288
seed 13289
seed 13290
seed 13291
seed 13292
seed 13293
seed 13294
seed 13295
seed 13296
seed 13297
seed 13298
seed 13299
seed 13300
seed 13301
seed 13302
seed 13303
seed 13304
seed 13305
seed 13306
seed 13307
seed 13308
seed 13309
seed 13310
seed 13311
seed 13312
seed 13313
seed 13314
seed 13315
seed 13316
seed 13317
seed 13318
seed 13319
seed 13320
seed 13321
seed 13322
seed 13323
seed 13324
seed 13325
seed 13326
seed 13327
seed 13328
seed 13329
seed 13330
seed 13331
seed 13332
seed 13333
seed 13334
seed 13335
seed 13336
seed 13337
seed 13338
seed 13339
seed 13340
seed 13341
seed 13342
seed 13343
seed 13344
seed 13345
seed 13346
seed 13347
seed 13348
seed 13349
seed 13350
seed 13351
seed 13352
seed 13353
seed 13354
seed 13355
seed 13356
seed 13357
seed 13358
seed 13359
seed 13360
seed 13361
seed 13362
seed 13363
seed 13364
seed 13365
seed 13366
seed 13367
seed 13368
seed 13369
seed 13370
seed 13371
seed 13372
seed 13373
seed 13374
seed 13375
seed 13376
seed 13377
seed 13378
seed 13379
seed 13380
seed 13381
seed 13382
seed 13383
seed 13384
seed 13385
seed 13386
seed 13387
seed 13388
seed 13389
seed 13390
seed 13391
seed 13392
seed 13393
seed 13394
seed 13395
seed 13396
seed 13397
seed 13398
seed 13399
seed 13400
seed 13401
seed 13402
seed 13403
seed 13404
seed 13405
seed 13406
seed 13407
seed 13408
seed 13409
seed 13410
seed 13411
seed 13412
seed 13413
seed 13414
seed 13415
seed 13416
seed 13417
seed 13418
seed 13419
seed 13420
seed 13421
seed 13422
seed 13423
seed 13424
seed 13425
seed 13426
seed 13427
seed 13428
seed 13429
seed 13430
seed 13431
seed 13432
seed 13433
seed 13434
seed 13435
seed 13436
seed 13437
seed 13438
seed 13439
seed 13440
seed 13441
seed 13442
seed 13443
seed 13444
seed 13445
seed 13446
seed 13447
seed 13448
seed 13449
seed 13450
seed 13451
seed 13452
seed 13453
seed 13454
seed 13455
seed 13456
seed 13457
seed 13458
seed 13459
seed 13460
seed 13461
seed 13462
seed 13463
seed 13464
seed 13465
seed 13466
seed 13467
seed 13468
seed 13469
seed 13470
seed 13471
seed 13472
seed 13473
seed 13474
seed 13475
seed 13476
seed 13477
seed 13478
seed 13479
seed 13480
seed 13481
seed 13482
seed 13483
seed 13484
seed 13485
seed 13486
seed 13487
seed 13488
seed 13489
seed 13490
seed 13491
seed 13492
seed 13493
seed 13494
seed 13495
seed 13496
seed 13497
seed 13498
seed 13499
seed 13500
seed 13501
seed 13502
seed 13503
seed 13504
seed 13505
seed 13506
seed 13507
seed 13508
seed 13509
seed 13510
seed 13511
seed 13512
seed 13513
seed 13514
seed 13515
seed 13516
seed 13517
seed 13518
seed 13519
seed 13520
seed 13521
seed 13522
seed 13523
seed 13524
seed 13525
seed 13526
seed 13527
seed 13528
seed 13529
seed 13530
seed 13531
seed 13532
seed 13533
seed 13534
seed 13535
seed 13536
seed 13537
seed 13538
seed 13539
seed 13540
seed 13541
seed 13542
seed 13543
seed 13544
seed 13545
seed 13546
seed 13547
seed 13548
seed 13549
seed 13550
seed 13551
seed 13552
seed 13553
seed 13554
seed 13555
seed 13556
seed 13557
seed 13558
seed 13559
seed 13560
seed 13561
seed 13562
seed 13563
seed 13564
seed 13565
seed 13566
seed 13567
seed 13568
seed 13569
seed 13570
seed 13571
seed 13572
seed 13573
seed 13574
seed 13575
seed 13576
seed 13577
seed 13578
seed 13579
seed 13580
seed 13581
seed 13582
seed 13583
seed 13584
seed 13585
seed 13586
seed 13587
seed 13588
seed 13589
seed 13590
seed 13591
seed 13592
seed 13593
seed 13594
seed 13595
seed 13596
seed 13597
seed 13598
seed 13599
seed 13600
seed 13601
seed 13602
seed 13603
seed 13604
seed 13605
seed 13606
seed 13607
seed 13608
seed 13609
seed 13610
seed 13611
seed 13612
seed 13613
seed 13614
seed 13615
seed 13616
seed 13617
seed 13618
seed 13619
seed 13620
seed 13621
seed 13622
seed 13623
seed 13624
seed 13625
seed 13626
seed 13627
seed 13628
seed 13629
seed 13630
seed 13631
seed 13632
seed 13633
seed 13634
seed 13635
seed 13636
seed 13637
seed 13638
seed 13639
seed 13640
seed 13641
seed 13642
seed 13643
seed 13644
seed 13645
seed 13646
seed 13647
seed 13648
seed 13649
seed 13650
seed 13651
seed 13652
seed 13653
seed 13654
seed 13655
seed 13656
seed 13657
seed 13658
seed 13659
seed 13660
seed 13661
seed 13662
seed 13663
seed 13664
seed 13665
seed 13666
seed 13667
seed 13668
seed 13669
seed 13670
seed 13671
seed 13672
seed 13673
seed 13674
seed 13675
seed 13676
seed 13677
seed 13678
seed 13679
seed 13680
seed 13681
seed 13682
seed 13683
seed 13684
seed 13685
seed 13686
seed 13687
seed 13688
seed 13689
seed 13690
seed 13691
seed 13692
seed 13693
seed 13694
seed 13695
seed 13696
seed 13697
seed 13698
seed 13699
seed 13700
seed 13701
seed 13702
seed 13703
seed 13704
seed 13705
seed 13706
seed 13707
seed 13708
seed 13709
seed 13710
seed 13711
seed 13712
seed 13713
seed 13714
seed 13715
seed 13716
seed 13717
seed 13718
seed 13719
seed 13720
seed 13721
seed 13722
seed 13723
seed 13724
seed 13725
seed 13726
seed 13727
seed 13728
seed 13729
seed 13730
seed 13731
seed 13732
seed 13733
seed 13734
seed 13735
seed 13736
seed 13737
seed 13738
seed 13739
seed 13740
seed 13741
seed 13742
seed 13743
seed 13744
seed 13745
seed 13746
seed 13747
seed 13748
seed 13749
seed 13750
seed 13751
seed 13752
seed 13753
seed 13754
seed 13755
seed 13756
seed 13757
seed 13758
seed 13759
seed 13760
seed 13761
seed 13762
seed 13763
seed 13764
seed 13765
seed 13766
seed 13767
seed 13768
seed 13769
seed 13770
seed 13771
seed 13772
seed 13773
seed 13774
seed 13775
seed 13776
seed 13777
seed 13778
seed 13779
seed 13780
seed 13781
seed 13782
seed 13783
seed 13784
seed 13785
seed 13786
seed 13787
seed 13788
seed 13789
seed 13790
seed 13791
seed 13792
seed 13793
seed 13794
seed 13795
seed 13796
seed 13797
seed 13798
seed 13799
seed 13800
seed 13801
seed 13802
seed 13803
seed 13804
seed 13805
seed 13806
seed 13807
seed 13808
seed 13809
seed 13810
seed 13811
seed 13812
seed 13813
seed 13814
seed 13815
seed 13816
seed 13817
seed 13818
seed 13819
seed 13820
seed 13821
seed 13822
seed 13823
seed 13824
seed 13825
seed 13826
seed 13827
seed 13828
seed 13829
seed 13830
seed 13831
seed 13832
seed 13833
seed 13834
seed 13835
seed 13836
seed 13837
seed 13838
seed 13839
seed 13840
seed 13841
seed 13842
seed 13843
seed 13844
seed 13845
seed 13846
seed 13847
seed 13848
seed 13849
seed 13850
seed 13851
seed 13852
seed 13853
seed 13854
seed 13855
seed 13856
seed 13857
seed 13858
seed 13859
seed 13860
seed 13861
seed 13862
seed 13863
seed 13864
seed 13865
seed 13866
seed 13867
seed 13868
seed 13869
seed 13870
seed 13871
seed 13872
seed 13873
seed 13874
seed 13875
seed 13876
seed 13877
seed 13878
seed 13879
seed 13880
seed 13881
seed 13882
seed 13883
seed 13884
seed 13885
seed 13886
seed 13887
seed 13888
seed 13889
seed 13890
seed 13891
seed 13892
seed 13893
seed 13894
seed 13895
seed 13896
seed 13897
seed 13898
seed 13899
seed 13900
seed 13901
seed 13902
seed 13903
seed 13904
seed 13905
seed 13906
seed 13907
seed 13908
seed 13909
seed 13910
seed 13911
seed 13912
seed 13913
seed 13914
seed 13915
seed 13916
seed 13917
seed 13918
seed 13919
seed 13920
seed 13921
seed 13922
seed 13923
seed 13924
seed 13925
seed 13926
seed 13927
seed 13928
seed 13929
seed 13930
seed 13931
seed 13932
seed 13933
seed 13934
seed 13935
seed 13936
seed 13937
seed 13938
seed 13939
seed 13940
seed 13941
seed 13942
seed 13943
seed 13944
seed 13945
seed 13946
seed 13947
seed 13948
seed 13949
seed 13950
seed 13951
seed 13952
seed 13953
seed 13954
seed 13955
seed 13956
seed 13957
seed 13958
seed 13959
seed 13960
seed 13961
seed 13962
seed 13963
seed 13964
seed 13965
seed 13966
seed 13967
seed 13968
seed 13969
seed 13970
seed 13971
seed 13972
seed 13973
seed 13974
seed 13975
seed 13976
seed 13977
seed 13978
seed 13979
seed 13980
seed 13981
seed 13982
seed 13983
seed 13984
seed 13985
seed 13986
seed 13987
seed 13988
seed 13989
seed 13990
seed 13991
seed 13992
seed 13993
seed 13994
seed 13995
seed 13996
seed 13997
seed 13998
seed 13999
seed 14000
seed 14001
seed 14002
seed 14003
seed 14004
seed 14005
seed 14006
seed 14007
seed 14008
seed 14009
seed 14010
seed 14011
seed 14012
seed 14013
seed 14014
seed 14015
seed 14016
seed 14017
seed 14018
seed 14019
seed 14020
seed 14021
seed 14022
seed 14023
seed 14024
seed 14025
seed 14026
seed 14027
seed 14028
seed 14029
seed 14030
seed 14031
seed 14032
seed 14033
seed 14034
seed 14035
seed 14036
seed 14037
seed 14038
seed 14039
seed 14040
seed 14041
seed 14042
seed 14043
seed 14044
seed 14045
seed 14046
seed 14047
seed 14048
seed 14049
seed 14050
seed 14051
seed 14052
seed 14053
seed 14054
seed 14055
seed 14056
seed 14057
seed 14058
seed 14059
seed 14060
seed 14061
seed 14062
seed 14063
seed 14064
seed 14065
seed 14066
seed 14067
seed 14068
seed 14069
seed 14070
seed 14071
seed 14072
seed 14073
seed 14074
seed 14075
seed 14076
seed 14077
seed 14078
seed 14079
seed 14080
seed 14081
seed 14082
seed 14083
seed 14084
seed 14085
seed 14086
seed 14087
seed 14088
seed 14089
seed 14090
seed 14091
seed 14092
seed 14093
seed 14094
seed 14095
seed 14096
seed 14097
seed 14098
seed 14099
seed 14100
seed 14101
seed 14102
seed 14103
seed 14104
seed 14105
seed 14106
seed 14107
seed 14108
seed 14109
seed 14110
seed 14111
seed 14112
seed 14113
seed 14114
seed 14115
seed 14116
seed 14117
seed 14118
seed 14119
seed 14120
seed 14121
seed 14122
seed 14123
seed 14124
seed 14125
seed 14126
seed 14127
seed 14128
seed 14129
seed 14130
seed 14131
seed 14132
seed 14133
seed 14134
seed 14135
seed 14136
seed 14137
seed 14138
seed 14139
seed 14140
seed 14141
seed 14142
seed 14143
seed 14144
seed 14145
seed 14146
seed 14147
seed 14148
seed 14149
seed 14150
seed 14151
seed 14152
seed 14153
seed 14154
seed 14155
seed 14156
seed 14157
seed 14158
seed 14159
seed 14160
seed 14161
seed 14162
seed 14163
seed 14164
seed 14165
seed 14166
seed 14167
seed 14168
seed 14169
seed 14170
seed 14171
seed 14172
seed 14173
seed 14174
seed 14175
seed 14176
seed 14177
seed 14178
seed 14179
seed 14180
seed 14181
seed 14182
seed 14183
seed 14184
seed 14185
seed 14186
seed 14187
seed 14188
seed 14189
seed 14190
seed 14191
seed 14192
seed 14193
seed 14194
seed 14195
seed 14196
seed 14197
seed 14198
seed 14199
seed 14200
seed 14201
seed 14202
seed 14203
seed 14204
seed 14205
seed 14206
seed 14207
seed 14208
seed 14209
seed 14210
seed 14211
seed 14212
seed 14213
seed 14214
seed 14215
seed 14216
seed 14217
seed 14218
seed 14219
seed 14220
seed 14221
seed 14222
seed 14223
seed 14224
seed 14225
seed 14226
seed 14227
seed 14228
seed 14229
seed 14230
seed 14231
seed 14232
seed 14233
seed 14234
seed 14235
seed 14236
seed 14237
seed 14238
seed 14239
seed 14240
seed 14241
seed 14242
seed 14243
seed 14244
seed 14245
seed 14246
seed 14247
seed 14248
seed 14249
seed 14250
seed 14251
seed 14252
seed 14253
seed 14254
seed 14255
seed 14256
seed 14257
seed 14258
seed 14259
seed 14260
seed 14261
seed 14262
seed 14263
seed 14264
seed 14265
seed 14266
seed 14267
seed 14268
seed 14269
seed 14270
seed 14271
seed 14272
seed 14273
seed 14274
seed 14275
seed 14276
seed 14277
seed 14278
seed 14279
seed 14280
seed 14281
seed 14282
seed 14283
seed 14284
seed 14285
seed 14286
seed 14287
seed 14288
seed 14289
seed 14290
seed 14291
seed 14292
seed 14293
seed 14294
seed 14295
seed 14296
seed 14297
seed 14298
seed 14299
seed 14300
seed 14301
seed 14302
seed 14303
seed 14304
seed 14305
seed 14306
seed 14307
seed 14308
seed 14309
seed 14310
seed 14311
seed 14312
seed 14313
seed 14314
seed 14315
seed 14316
seed 14317
seed 14318
seed 14319
seed 14320
seed 14321
seed 14322
seed 14323
seed 14324
seed 14325
seed 14326
seed 14327
seed 14328
seed 14329
seed 14330
seed 14331
seed 14332
seed 14333
seed 14334
seed 14335
seed 14336
seed 14337
seed 14338
seed 14339
seed 14340
seed 14341
seed 14342
seed 14343
seed 14344
seed 14345
seed 14346
seed 14347
seed 14348
seed 14349
seed 14350
seed 14351
seed 14352
seed 14353
seed 14354
seed 14355
seed 14356
seed 14357
seed 14358
seed 14359
seed 14360
seed 14361
seed 14362
seed 14363
seed 14364
seed 14365
seed 14366
seed 14367
seed 14368
seed 14369
seed 14370
seed 14371
seed 14372
seed 14373
seed 14374
seed 14375
seed 14376
seed 14377
seed 14378
seed 14379
seed 14380
seed 14381
seed 14382
seed 14383
seed 14384
seed 14385
seed 14386
seed 14387
seed 14388
seed 14389
seed 14390
seed 14391
seed 14392
seed 14393
seed 14394
seed 14395
seed 14396
seed 14397
seed 14398
seed 14399
seed 14400
seed 14401
seed 14402
seed 14403
seed 14404
seed 14405
seed 14406
seed 14407
seed 14408
seed 14409
seed 14410
seed 14411
seed 14412
seed 14413
seed 14414
seed 14415
seed 14416
seed 14417
seed 14418
seed 14419
seed 14420
seed 14421
seed 14422
seed 14423
seed 14424
seed 14425
seed 14426
seed 14427
seed 14428
seed 14429
seed 14430
seed 14431
seed 14432
seed 14433
seed 14434
seed 14435
seed 14436
seed 14437
seed 14438
seed 14439
seed 14440
seed 14441
seed 14442
seed 14443
seed 14444
seed 14445
seed 14446
seed 14447
seed 14448
seed 14449
seed 14450
seed 14451
seed 14452
seed 14453
seed 14454
seed 14455
seed 14456
seed 14457
seed 14458
seed 14459
seed 14460
seed 14461
seed 14462
seed 14463
seed 14464
seed 14465
seed 14466
seed 14467
seed 14468
seed 14469
seed 14470
seed 14471
seed 14472
seed 14473
seed 14474
seed 14475
seed 14476
seed 14477
seed 14478
seed 14479
seed 14480
seed 14481
seed 14482
seed 14483
seed 14484
seed 14485
seed 14486
seed 14487
seed 14488
seed 14489
seed 14490
seed 14491
seed 14492
seed 14493
seed 14494
seed 14495
seed 14496
seed 14497
seed 14498
seed 14499
seed 14500
seed 14501
seed 14502
seed 14503
seed 14504
seed 14505
seed 14506
seed 14507
seed 14508
seed 14509
seed 14510
seed 14511
seed 14512
seed 14513
seed 14514
seed 14515
seed 14516
seed 14517
seed 14518
seed 14519
seed 14520
seed 14521
seed 14522
seed 14523
seed 14524
seed 14525
seed 14526
seed 14527
seed 14528
seed 14529
seed 14530
seed 14531
seed 14532
seed 14533
seed 14534
seed 14535
seed 14536
seed 14537
seed 14538
seed 14539
seed 14540
seed 14541
seed 14542
seed 14543
seed 14544
seed 14545
seed 14546
seed 14547
seed 14548
seed 14549
seed 14550
seed 14551
seed 14552
seed 14553
seed 14554
seed 14555
seed 14556
seed 14557
seed 14558
seed 14559
seed 14560
seed 14561
seed 14562
seed 14563
seed 14564
seed 14565
seed 14566
seed 14567
seed 14568
seed 14569
seed 14570
seed 14571
seed 14572
seed 14573
seed 14574
seed 14575
seed 14576
seed 14577
seed 14578
seed 14579
seed 14580
seed 14581
seed 14582
seed 14583
seed 14584
seed 14585
seed 14586
seed 14587
seed 14588
seed 14589
seed 14590
seed 14591
seed 14592
seed 14593
seed 14594
seed 14595
seed 14596
seed 14597
seed 14598
seed 14599
seed 14600
seed 14601
seed 14602
seed 14603
seed 14604
seed 14605
seed 14606
seed 14607
seed 14608
seed 14609
seed 14610
seed 14611
seed 14612
seed 14613
seed 14614
seed 14615
seed 14616
seed 14617
seed 14618
seed 14619
seed 14620
seed 14621
seed 14622
seed 14623
seed 14624
seed 14625
seed 14626
seed 14627
seed 14628
seed 14629
seed 14630
seed 14631
seed 14632
seed 14633
seed 14634
seed 14635
seed 14636
seed 14637
seed 14638
seed 14639
seed 14640
seed 14641
seed 14642
seed 14643
seed 14644
seed 14645
seed 14646
seed 14647
seed 14648
seed 14649
seed 14650
seed 14651
seed 14652
seed 14653
seed 14654
seed 14655
seed 14656
seed 14657
seed 14658
seed 14659
seed 14660
seed 14661
seed 14662
seed 14663
seed 14664
seed 14665
seed 14666
seed 14667
seed 14668
seed 14669
seed 14670
seed 14671
seed 14672
seed 14673
seed 14674
seed 14675
seed 14676
seed 14677
seed 14678
seed 14679
seed 14680
seed 14681
seed 14682
seed 14683
seed 14684
seed 14685
seed 14686
seed 14687
seed 14688
seed 14689
seed 14690
seed 14691
seed 14692
seed 14693
seed 14694
seed 14695
seed 14696
seed 14697
seed 14698
seed 14699
seed 14700
seed 14701
seed 14702
seed 14703
seed 14704
seed 14705
seed 14706
seed 14707
seed 14708
seed 14709
seed 14710
seed 14711
seed 14712
seed 14713
seed 14714
seed 14715
seed 14716
seed 14717
seed 14718
seed 14719
seed 14720
seed 14721
seed 14722
seed 14723
seed 14724
seed 14725
seed 14726
seed 14727
seed 14728
seed 14729
seed 14730
seed 14731
seed 14732
seed 14733
seed 14734
seed 14735
seed 14736
seed 14737
seed 14738
seed 14739
seed 14740
seed 14741
seed 14742
seed 14743
seed 14744
seed 14745
seed 14746
seed 14747
seed 14748
seed 14749
seed 14750
seed 14751
seed 14752
seed 14753
seed 14754
seed 14755
seed 14756
seed 14757
seed 14758
seed 14759
seed 14760
seed 14761
seed 14762
seed 14763
seed 14764
seed 14765
seed 14766
seed 14767
seed 14768
seed 14769
seed 14770
seed 14771
seed 14772
seed 14773
seed 14774
seed 14775
seed 14776
seed 14777
seed 14778
seed 14779
seed 14780
seed 14781
seed 14782
seed 14783
seed 14784
seed 14785
seed 14786
seed 14787
seed 14788
seed 14789
seed 14790
seed 14791
seed 14792
seed 14793
seed 14794
seed 14795
seed 14796
seed 14797
seed 14798
seed 14799
seed 14800
seed 14801
seed 14802
seed 14803
seed 14804
seed 14805
seed 14806
seed 14807
seed 14808
seed 14809
seed 14810
seed 14811
seed 14812
seed 14813
seed 14814
seed 14815
seed 14816
seed 14817
seed 14818
seed 14819
seed 14820
seed 14821
seed 14822
seed 14823
seed 14824
seed 14825
seed 14826
seed 14827
seed 14828
seed 14829
seed 14830
seed 14831
seed 14832
seed 14833
seed 14834
seed 14835
seed 14836
seed 14837
seed 14838
seed 14839
seed 14840
seed 14841
seed 14842
seed 14843
seed 14844
seed 14845
seed 14846
seed 14847
seed 14848
seed 14849
seed 14850
seed 14851
seed 14852
seed 14853
seed 14854
seed 14855
seed 14856
seed 14857
seed 14858
seed 14859
seed 14860
seed 14861
seed 14862
seed 14863
seed 14864
seed 14865
seed 14866
seed 14867
seed 14868
seed 14869
seed 14870
seed 14871
seed 14872
seed 14873
seed 14874
seed 14875
seed 14876
seed 14877
seed 14878
seed 14879
seed 14880
seed 14881
seed 14882
seed 14883
seed 14884
seed 14885
seed 14886
seed 14887
seed 14888
seed 14889
seed 14890
seed 14891
seed 14892
seed 14893
seed 14894
seed 14895
seed 14896
seed 14897
seed 14898
seed 14899
seed 14900
seed 14901
seed 14902
seed 14903
seed 14904
seed 14905
seed 14906
seed 14907
seed 14908
seed 14909
seed 14910
seed 14911
seed 14912
seed 14913
seed 14914
seed 14915
seed 14916
seed 14917
seed 14918
seed 14919
seed 14920
seed 14921
seed 14922
seed 14923
seed 14924
seed 14925
seed 14926
seed 14927
seed 14928
seed 14929
seed 14930
seed 14931
seed 14932
seed 14933
seed 14934
seed 14935
seed 14936
seed 14937
seed 14938
seed 14939
seed 14940
seed 14941
seed 14942
seed 14943
seed 14944
seed 14945
seed 14946
seed 14947
seed 14948
seed 14949
seed 14950
seed 14951
seed 14952
seed 14953
seed 14954
seed 14955
seed 14956
seed 14957
seed 14958
seed 14959
seed 14960
seed 14961
seed 14962
seed 14963
seed 14964
seed 14965
seed 14966
seed 14967
seed 14968
seed 14969
seed 14970
seed 14971
seed 14972
seed 14973
seed 14974
seed 14975
seed 14976
seed 14977
seed 14978
seed 14979
seed 14980
seed 14981
seed 14982
seed 14983
seed 14984
seed 14985
seed 14986
seed 14987
seed 14988
seed 14989
seed 14990
seed 14991
seed 14992
seed 14993
seed 14994
seed 14995
seed 14996
seed 14997
seed 14998
seed 14999
seed 15000
seed 15001
seed 15002
seed 15003
seed 15004
seed 15005
seed 15006
seed 15007
seed 15008
seed 15009
seed 15010
seed 15011
seed 15012
seed 15013
seed 15014
seed 15015
seed 15016
seed 15017
seed 15018
seed 15019
seed 15020
seed 15021
seed 15022
seed 15023
seed 15024
seed 15025
seed 15026
seed 15027
seed 15028
seed 15029
seed 15030
seed 15031
seed 15032
seed 15033
seed 15034
seed 15035
seed 15036
seed 15037
seed 15038
seed 15039
seed 15040
seed 15041
seed 15042
seed 15043
seed 15044
seed 15045
seed 15046
seed 15047
seed 15048
seed 15049
seed 15050
seed 15051
seed 15052
seed 15053
seed 15054
seed 15055
seed 15056
seed 15057
seed 15058
seed 15059
seed 15060
seed 15061
seed 15062
seed 15063
seed 15064
seed 15065
seed 15066
seed 15067
seed 15068
seed 15069
seed 15070
seed 15071
seed 15072
seed 15073
seed 15074
seed 15075
seed 15076
seed 15077
seed 15078
seed 15079
seed 15080
seed 15081
seed 15082
seed 15083
seed 15084
seed 15085
seed 15086
seed 15087
seed 15088
seed 15089
seed 15090
seed 15091
seed 15092
seed 15093
seed 15094
seed 15095
seed 15096
seed 15097
seed 15098
seed 15099
seed 15100
seed 15101
seed 15102
seed 15103
seed 15104
seed 15105
seed 15106
seed 15107
seed 15108
seed 15109
seed 15110
seed 15111
seed 15112
seed 15113
seed 15114
seed 15115
seed 15116
seed 15117
seed 15118
seed 15119
seed 15120
seed 15121
seed 15122
seed 15123
seed 15124
seed 15125
seed 15126
seed 15127
seed 15128
seed 15129
seed 15130
seed 15131
seed 15132
seed 15133
seed 15134
seed 15135
seed 15136
seed 15137
seed 15138
seed 15139
seed 15140
seed 15141
seed 15142
seed 15143
seed 15144
seed 15145
seed 15146
seed 15147
seed 15148
seed 15149
seed 15150
seed 15151
seed 15152
seed 15153
seed 15154
seed 15155
seed 15156
seed 15157
seed 15158
seed 15159
seed 15160
seed 15161
seed 15162
seed 15163
seed 15164
seed 15165
seed 15166
seed 15167
seed 15168
seed 15169
seed 15170
seed 15171
seed 15172
seed 15173
seed 15174
seed 15175
seed 15176
seed 15177
seed 15178
seed 15179
seed 15180
seed 15181
seed 15182
seed 15183
seed 15184
seed 15185
seed 15186
seed 15187
seed 15188
seed 15189
seed 15190
seed 15191
seed 15192
seed 15193
seed 15194
seed 15195
seed 15196
seed 15197
seed 15198
seed 15199
seed 15200
seed 15201
seed 15202
seed 15203
seed 15204
seed 15205
seed 15206
seed 15207
seed 15208
seed 15209
seed 15210
seed 15211
seed 15212
seed 15213
seed 15214
seed 15215
seed 15216
seed 15217
seed 15218
seed 15219
seed 15220
seed 15221
seed 15222
seed 15223
seed 15224
seed 15225
seed 15226
seed 15227
seed 15228
seed 15229
seed 15230
seed 15231
seed 15232
seed 15233
seed 15234
seed 15235
seed 15236
seed 15237
seed 15238
seed 15239
seed 15240
seed 15241
seed 15242
seed 15243
seed 15244
seed 15245
seed 15246
seed 15247
seed 15248
seed 15249
seed 15250
seed 15251
seed 15252
seed 15253
seed 15254
seed 15255
seed 15256
seed 15257
seed 15258
seed 15259
seed 15260
seed 15261
seed 15262
seed 15263
seed 15264
seed 15265
seed 15266
seed 15267
seed 15268
seed 15269
seed 15270
seed 15271
seed 15272
seed 15273
seed 15274
seed 15275
seed 15276
seed 15277
seed 15278
seed 15279
seed 15280
seed 15281
seed 15282
seed 15283
seed 15284
seed 15285
seed 15286
seed 15287
seed 15288
seed 15289
seed 15290
seed 15291
seed 15292
seed 15293
seed 15294
seed 15295
seed 15296
seed 15297
seed 15298
seed 15299
seed 15300
seed 15301
seed 15302
seed 15303
seed 15304
seed 15305
seed 15306
seed 15307
seed 15308
seed 15309
seed 15310
seed 15311
seed 15312
seed 15313
seed 15314
seed 15315
seed 15316
seed 15317
seed 15318
seed 15319
seed 15320
seed 15321
seed 15322
seed 15323
seed 15324
seed 15325
seed 15326
seed 15327
seed 15328
seed 15329
seed 15330
seed 15331
seed 15332
seed 15333
seed 15334
seed 15335
seed 15336
seed 15337
seed 15338
seed 15339
seed 15340
seed 15341
seed 15342
seed 15343
seed 15344
seed 15345
seed 15346
seed 15347
seed 15348
seed 15349
seed 15350
seed 15351
seed 15352
seed 15353
seed 15354
seed 15355
seed 15356
seed 15357
seed 15358
seed 15359
seed 15360
seed 15361
seed 15362
seed 15363
seed 15364
seed 15365
seed 15366
seed 15367
seed 15368
seed 15369
seed 15370
seed 15371
seed 15372
seed 15373
seed 15374
seed 15375
seed 15376
seed 15377
seed 15378
seed 15379
seed 15380
seed 15381
seed 15382
seed 15383
seed 15384
seed 15385
seed 15386
seed 15387
seed 15388
seed 15389
seed 15390
seed 15391
seed 15392
seed 15393
seed 15394
seed 15395
seed 15396
seed 15397
seed 15398
seed 15399
seed 15400
seed 15401
seed 15402
seed 15403
seed 15404
seed 15405
seed 15406
seed 15407
seed 15408
seed 15409
seed 15410
seed 15411
seed 15412
seed 15413
seed 15414
seed 15415
seed 15416
seed 15417
seed 15418
seed 15419
seed 15420
seed 15421
seed 15422
seed 15423
seed 15424
seed 15425
seed 15426
seed 15427
seed 15428
seed 15429
seed 15430
seed 15431
seed 15432
seed 15433
seed 15434
seed 15435
seed 15436
seed 15437
seed 15438
seed 15439
seed 15440
seed 15441
seed 15442
seed 15443
seed 15444
seed 15445
seed 15446
seed 15447
seed 15448
seed 15449
seed 15450
seed 15451
seed 15452
seed 15453
seed 15454
seed 15455
seed 15456
seed 15457
seed 15458
seed 15459
seed 15460
seed 15461
seed 15462
seed 15463
seed 15464
seed 15465
seed 15466
seed 15467
seed 15468
seed 15469
seed 15470
seed 15471
seed 15472
seed 15473
seed 15474
seed 15475
seed 15476
seed 15477
seed 15478
seed 15479
seed 15480
seed 15481
seed 15482
seed 15483
seed 15484
seed 15485
seed 15486
seed 15487
seed 15488
seed 15489
seed 15490
seed 15491
seed 15492
seed 15493
seed 15494
seed 15495
seed 15496
seed 15497
seed 15498
seed 15499
seed 15500
seed 15501
seed 15502
seed 15503
seed 15504
seed 15505
seed 15506
seed 15507
seed 15508
seed 15509
seed 15510
seed 15511
seed 15512
seed 15513
seed 15514
seed 15515
seed 15516
seed 15517
seed 15518
seed 15519
seed 15520
seed 15521
seed 15522
seed 15523
seed 15524
seed 15525
seed 15526
seed 15527
seed 15528
seed 15529
seed 15530
seed 15531
seed 15532
seed 15533
seed 15534
seed 15535
seed 15536
seed 15537
seed 15538
seed 15539
seed 15540
seed 15541
seed 15542
seed 15543
seed 15544
seed 15545
seed 15546
seed 15547
seed 15548
seed 15549
seed 15550
seed 15551
seed 15552
seed 15553
seed 15554
seed 15555
seed 15556
seed 15557
seed 15558
seed 15559
seed 15560
seed 15561
seed 15562
seed 15563
seed 15564
seed 15565
seed 15566
seed 15567
seed 15568
seed 15569
seed 15570
seed 15571
seed 15572
seed 15573
seed 15574
seed 15575
seed 15576
seed 15577
seed 15578
seed 15579
seed 15580
seed 15581
seed 15582
seed 15583
seed 15584
seed 15585
seed 15586
seed 15587
seed 15588
seed 15589
seed 15590
seed 15591
seed 15592
seed 15593
seed 15594
seed 15595
seed 15596
seed 15597
seed 15598
seed 15599
seed 15600
seed 15601
seed 15602
seed 15603
seed 15604
seed 15605
seed 15606
seed 15607
seed 15608
seed 15609
seed 15610
seed 15611
seed 15612
seed 15613
seed 15614
seed 15615
seed 15616
seed 15617
seed 15618
seed 15619
seed 15620
seed 15621
seed 15622
seed 15623
seed 15624
seed 15625
seed 15626
seed 15627
seed 15628
seed 15629
seed 15630
seed 15631
seed 15632
seed 15633
seed 15634
seed 15635
seed 15636
seed 15637
seed 15638
seed 15639
seed 15640
seed 15641
seed 15642
seed 15643
seed 15644
seed 15645
seed 15646
seed 15647
seed 15648
seed 15649
seed 15650
seed 15651
seed 15652
seed 15653
seed 15654
seed 15655
seed 15656
seed 15657
seed 15658
seed 15659
seed 15660
seed 15661
seed 15662
seed 15663
seed 15664
seed 15665
seed 15666
seed 15667
seed 15668
seed 15669
seed 15670
seed 15671
seed 15672
seed 15673
seed 15674
seed 15675
seed 15676
seed 15677
seed 15678
seed 15679
seed 15680
seed 15681
seed 15682
seed 15683
seed 15684
seed 15685
seed 15686
seed 15687
seed 15688
seed 15689
seed 15690
seed 15691
seed 15692
seed 15693
seed 15694
seed 15695
seed 15696
seed 15697
seed 15698
seed 15699
seed 15700
seed 15701
seed 15702
seed 15703
seed 15704
seed 15705
seed 15706
seed 15707
seed 15708
seed 15709
seed 15710
seed 15711
seed 15712
seed 15713
seed 15714
seed 15715
seed 15716
seed 15717
seed 15718
seed 15719
seed 15720
seed 15721
seed 15722
seed 15723
seed 15724
seed 15725
seed 15726
seed 15727
seed 15728
seed 15729
seed 15730
seed 15731
seed 15732
seed 15733
seed 15734
seed 15735
seed 15736
seed 15737
seed 15738
seed 15739
seed 15740
seed 15741
seed 15742
seed 15743
seed 15744
seed 15745
seed 15746
seed 15747
seed 15748
seed 15749
seed 15750
seed 15751
seed 15752
seed 15753
seed 15754
seed 15755
seed 15756
seed 15757
seed 15758
seed 15759
seed 15760
seed 15761
seed 15762
seed 15763
seed 15764
seed 15765
seed 15766
seed 15767
seed 15768
seed 15769
seed 15770
seed 15771
seed 15772
seed 15773
seed 15774
seed 15775
seed 15776
seed 15777
seed 15778
seed 15779
seed 15780
seed 15781
seed 15782
seed 15783
seed 15784
seed 15785
seed 15786
seed 15787
seed 15788
seed 15789
seed 15790
seed 15791
seed 15792
seed 15793
seed 15794
seed 15795
seed 15796
seed 15797
seed 15798
seed 15799
seed 15800
seed 15801
seed 15802
seed 15803
seed 15804
seed 15805
seed 15806
seed 15807
seed 15808
seed 15809
seed 15810
seed 15811
seed 15812
seed 15813
seed 15814
seed 15815
seed 15816
seed 15817
seed 15818
seed 15819
seed 15820
seed 15821
seed 15822
seed 15823
seed 15824
seed 15825
seed 15826
seed 15827
seed 15828
seed 15829
seed 15830
seed 15831
seed 15832
seed 15833
seed 15834
seed 15835
seed 15836
seed 15837
seed 15838
seed 15839
seed 15840
seed 15841
seed 15842
seed 15843
seed 15844
seed 15845
seed 15846
seed 15847
seed 15848
seed 15849
seed 15850
seed 15851
seed 15852
seed 15853
seed 15854
seed 15855
seed 15856
seed 15857
seed 15858
seed 15859
seed 15860
seed 15861
seed 15862
seed 15863
seed 15864
seed 15865
seed 15866
seed 15867
seed 15868
seed 15869
seed 15870
seed 15871
seed 15872
seed 15873
seed 15874
seed 15875
seed 15876
seed 15877
seed 15878
seed 15879
seed 15880
seed 15881
seed 15882
seed 15883
seed 15884
seed 15885
seed 15886
seed 15887
seed 15888
seed 15889
seed 15890
seed 15891
seed 15892
seed 15893
seed 15894
seed 15895
seed 15896
seed 15897
seed 15898
seed 15899
seed 15900
seed 15901
seed 15902
seed 15903
seed 15904
seed 15905
seed 15906
seed 15907
seed 15908
seed 15909
seed 15910
seed 15911
seed 15912
seed 15913
seed 15914
seed 15915
seed 15916
seed 15917
seed 15918
seed 15919
seed 15920
seed 15921
seed 15922
seed 15923
seed 15924
seed 15925
seed 15926
seed 15927
seed 15928
seed 15929
seed 15930
seed 15931
seed 15932
seed 15933
seed 15934
seed 15935
seed 15936
seed 15937
seed 15938
seed 15939
seed 15940
seed 15941
seed 15942
seed 15943
seed 15944
seed 15945
seed 15946
seed 15947
seed 15948
seed 15949
seed 15950
seed 15951
seed 15952
seed 15953
seed 15954
seed 15955
seed 15956
seed 15957
seed 15958
seed 15959
seed 15960
seed 15961
seed 15962
seed 15963
seed 15964
seed 15965
seed 15966
seed 15967
seed 15968
seed 15969
seed 15970
seed 15971
seed 15972
seed 15973
seed 15974
seed 15975
seed 15976
seed 15977
seed 15978
seed 15979
seed 15980
seed 15981
seed 15982
seed 15983
seed 15984
seed 15985
seed 15986
seed 15987
seed 15988
seed 15989
seed 15990
seed 15991
seed 15992
seed 15993
seed 15994
seed 15995
seed 15996
seed 15997
seed 15998
seed 15999
seed 16000
seed 16001
seed 16002
seed 16003
seed 16004
seed 16005
seed 16006
seed 16007
seed 16008
seed 16009
seed 16010
seed 16011
seed 16012
seed 16013
seed 16014
seed 16015
seed 16016
seed 16017
seed 16018
seed 16019
seed 16020
seed 16021
seed 16022
seed 16023
seed 16024
seed 16025
seed 16026
seed 16027
seed 16028
seed 16029
seed 16030
seed 16031
seed 16032
seed 16033
seed 16034
seed 16035
seed 16036
seed 16037
seed 16038
seed 16039
seed 16040
seed 16041
seed 16042
seed 16043
seed 16044
seed 16045
seed 16046
seed 16047
seed 16048
seed 16049
seed 16050
seed 16051
seed 16052
seed 16053
seed 16054
seed 16055
seed 16056
seed 16057
seed 16058
seed 16059
seed 16060
seed 16061
seed 16062
seed 16063
seed 16064
seed 16065
seed 16066
seed 16067
seed 16068
seed 16069
seed 16070
seed 16071
seed 16072
seed 16073
seed 16074
seed 16075
seed 16076
seed 16077
seed 16078
seed 16079
seed 16080
seed 16081
seed 16082
seed 16083
seed 16084
seed 16085
seed 16086
seed 16087
seed 16088
seed 16089
seed 16090
seed 16091
seed 16092
seed 16093
seed 16094
seed 16095
seed 16096
seed 16097
seed 16098
seed 16099
seed 16100
seed 16101
seed 16102
seed 16103
seed 16104
seed 16105
seed 16106
seed 16107
seed 16108
seed 16109
seed 16110
seed 16111
seed 16112
seed 16113
seed 16114
seed 16115
seed 16116
seed 16117
seed 16118
seed 16119
seed 16120
seed 16121
seed 16122
seed 16123
seed 16124
seed 16125
seed 16126
seed 16127
seed 16128
seed 16129
seed 16130
seed 16131
seed 16132
seed 16133
seed 16134
seed 16135
seed 16136
seed 16137
seed 16138
seed 16139
seed 16140
seed 16141
seed 16142
seed 16143
seed 16144
seed 16145
seed 16146
seed 16147
seed 16148
seed 16149
seed 16150
seed 16151
seed 16152
seed 16153
seed 16154
seed 16155
seed 16156
seed 16157
seed 16158
seed 16159
seed 16160
seed 16161
seed 16162
seed 16163
seed 16164
seed 16165
seed 16166
seed 16167
seed 16168
seed 16169
seed 16170
seed 16171
seed 16172
seed 16173
seed 16174
seed 16175
seed 16176
seed 16177
seed 16178
seed 16179
seed 16180
seed 16181
seed 16182
seed 16183
seed 16184
seed 16185
seed 16186
seed 16187
seed 16188
seed 16189
seed 16190
seed 16191
seed 16192
seed 16193
seed 16194
seed 16195
seed 16196
seed 16197
seed 16198
seed 16199
seed 16200
seed 16201
seed 16202
seed 16203
seed 16204
seed 16205
seed 16206
seed 16207
seed 16208
seed 16209
seed 16210
seed 16211
seed 16212
seed 16213
seed 16214
seed 16215
seed 16216
seed 16217
seed 16218
seed 16219
seed 16220
seed 16221
seed 16222
seed 16223
seed 16224
seed 16225
seed 16226
seed 16227
seed 16228
seed 16229
seed 16230
seed 16231
seed 16232
seed 16233
seed 16234
seed 16235
seed 16236
seed 16237
seed 16238
seed 16239
seed 16240
seed 16241
seed 16242
seed 16243
seed 16244
seed 16245
seed 16246
seed 16247
seed 16248
seed 16249
seed 16250
seed 16251
seed 16252
seed 16253
seed 16254
seed 16255
seed 16256
seed 16257
seed 16258
seed 16259
seed 16260
seed 16261
seed 16262
seed 16263
seed 16264
seed 16265
seed 16266
seed 16267
seed 16268
seed 16269
seed 16270
seed 16271
seed 16272
seed 16273
seed 16274
seed 16275
seed 16276
seed 16277
seed 16278
seed 16279
seed 16280
seed 16281
seed 16282
seed 16283
seed 16284
seed 16285
seed 16286
seed 16287
seed 16288
seed 16289
seed 16290
seed 16291
seed 16292
seed 16293
seed 16294
seed 16295
seed 16296
seed 16297
seed 16298
seed 16299
seed 16300
seed 16301
seed 16302
seed 16303
seed 16304
seed 16305
seed 16306
seed 16307
seed 16308
seed 16309
seed 16310
seed 16311
seed 16312
seed 16313
seed 16314
seed 16315
seed 16316
seed 16317
seed 16318
seed 16319
seed 16320
seed 16321
seed 16322
seed 16323
seed 16324
seed 16325
seed 16326
seed 16327
seed 16328
seed 16329
seed 16330
seed 16331
seed 16332
seed 16333
seed 16334
seed 16335
seed 16336
seed 16337
seed 16338
seed 16339
seed 16340
seed 16341
seed 16342
seed 16343
seed 16344
seed 16345
seed 16346
seed 16347
seed 16348
seed 16349
seed 16350
seed 16351
seed 16352
seed 16353
seed 16354
seed 16355
seed 16356
seed 16357
seed 16358
seed 16359
seed 16360
seed 16361
seed 16362
seed 16363
seed 16364
seed 16365
seed 16366
seed 16367
seed 16368
seed 16369
seed 16370
seed 16371
seed 16372
seed 16373
seed 16374
seed 16375
seed 16376
seed 16377
seed 16378
seed 16379
seed 16380
seed 16381
seed 16382
seed 16383
seed 16384
seed 16385
seed 16386
seed 16387
seed 16388
seed 16389
seed 16390
seed 16391
seed 16392
seed 16393
seed 16394
seed 16395
seed 16396
seed 16397
seed 16398
seed 16399
seed 16400
seed 16401
seed 16402
seed 16403
seed 16404
seed 16405
seed 16406
seed 16407
seed 16408
seed 16409
seed 16410
seed 16411
seed 16412
seed 16413
seed 16414
seed 16415
seed 16416
seed 16417
seed 16418
seed 16419
seed 16420
seed 16421
seed 16422
seed 16423
seed 16424
seed 16425
seed 16426
seed 16427
seed 16428
seed 16429
seed 16430
seed 16431
seed 16432
seed 16433
seed 16434
seed 16435
seed 16436
seed 16437
seed 16438
seed 16439
seed 16440
seed 16441
seed 16442
seed 16443
seed 16444
seed 16445
seed 16446
seed 16447
seed 16448
seed 16449
seed 16450
seed 16451
seed 16452
seed 16453
seed 16454
seed 16455
seed 16456
seed 16457
seed 16458
seed 16459
seed 16460
seed 16461
seed 16462
seed 16463
seed 16464
seed 16465
seed 16466
seed 16467
seed 16468
seed 16469
seed 16470
seed 16471
seed 16472
seed 16473
seed 16474
seed 16475
seed 16476
seed 16477
seed 16478
seed 16479
seed 16480
seed 16481
seed 16482
seed 16483
seed 16484
seed 16485
seed 16486
seed 16487
seed 16488
seed 16489
seed 16490
seed 16491
seed 16492
seed 16493
seed 16494
seed 16495
seed 16496
seed 16497
seed 16498
seed 16499
seed 16500
seed 16501
seed 16502
seed 16503
seed 16504
seed 16505
seed 16506
seed 16507
seed 16508
seed 16509
seed 16510
seed 16511
seed 16512
seed 16513
seed 16514
seed 16515
seed 16516
seed 16517
seed 16518
seed 16519
seed 16520
seed 16521
seed 16522
seed 16523
seed 16524
seed 16525
seed 16526
seed 16527
seed 16528
seed 16529
seed 16530
seed 16531
seed 16532
seed 16533
seed 16534
seed 16535
seed 16536
seed 16537
seed 16538
seed 16539
seed 16540
seed 16541
seed 16542
seed 16543
seed 16544
seed 16545
seed 16546
seed 16547
seed 16548
seed 16549
seed 16550
seed 16551
seed 16552
seed 16553
seed 16554
seed 16555
seed 16556
seed 16557
seed 16558
seed 16559
seed 16560
seed 16561
seed 16562
seed 16563
seed 16564
seed 16565
seed 16566
seed 16567
seed 16568
seed 16569
seed 16570
seed 16571
seed 16572
seed 16573
seed 16574
seed 16575
seed 16576
seed 16577
seed 16578
seed 16579
seed 16580
seed 16581
seed 16582
seed 16583
seed 16584
seed 16585
seed 16586
seed 16587
seed 16588
seed 16589
seed 16590
seed 16591
seed 16592
seed 16593
seed 16594
seed 16595
seed 16596
seed 16597
seed 16598
seed 16599
seed 16600
seed 16601
seed 16602
seed 16603
seed 16604
seed 16605
seed 16606
seed 16607
seed 16608
seed 16609
seed 16610
seed 16611
seed 16612
seed 16613
seed 16614
seed 16615
seed 16616
seed 16617
seed 16618
seed 16619
seed 16620
seed 16621
seed 16622
seed 16623
seed 16624
seed 16625
seed 16626
seed 16627
seed 16628
seed 16629
seed 16630
seed 16631
seed 16632
seed 16633
seed 16634
seed 16635
seed 16636
seed 16637
seed 16638
seed 16639
seed 16640
seed 16641
seed 16642
seed 16643
seed 16644
seed 16645
seed 16646
seed 16647
seed 16648
seed 16649
seed 16650
seed 16651
seed 16652
seed 16653
seed 16654
seed 16655
seed 16656
seed 16657
seed 16658
seed 16659
seed 16660
seed 16661
seed 16662
seed 16663
seed 16664
seed 16665
seed 16666
seed 16667
seed 16668
seed 16669
seed 16670
seed 16671
seed 16672
seed 16673
seed 16674
seed 16675
seed 16676
seed 16677
seed 16678
seed 16679
seed 16680
seed 16681
seed 16682
seed 16683
seed 16684
seed 16685
seed 16686
seed 16687
seed 16688
seed 16689
seed 16690
seed 16691
seed 16692
seed 16693
seed 16694
seed 16695
seed 16696
seed 16697
seed 16698
seed 16699
seed 16700
seed 16701
seed 16702
seed 16703
seed 16704
seed 16705
seed 16706
seed 16707
seed 16708
seed 16709
seed 16710
seed 16711
seed 16712
seed 16713
seed 16714
seed 16715
seed 16716
seed 16717
seed 16718
seed 16719
seed 16720
seed 16721
seed 16722
seed 16723
seed 16724
seed 16725
seed 16726
seed 16727
seed 16728
seed 16729
seed 16730
seed 16731
seed 16732
seed 16733
seed 16734
seed 16735
seed 16736
seed 16737
seed 16738
seed 16739
seed 16740
seed 16741
seed 16742
seed 16743
seed 16744
seed 16745
seed 16746
seed 16747
seed 16748
seed 16749
seed 16750
seed 16751
seed 16752
seed 16753
seed 16754
seed 16755
seed 16756
seed 16757
seed 16758
seed 16759
seed 16760
seed 16761
seed 16762
seed 16763
seed 16764
seed 16765
seed 16766
seed 16767
seed 16768
seed 16769
seed 16770
seed 16771
seed 16772
seed 16773
seed 16774
seed 16775
seed 16776
seed 16777
seed 16778
seed 16779
seed 16780
seed 16781
seed 16782
seed 16783
seed 16784
seed 16785
seed 16786
seed 16787
seed 16788
seed 16789
seed 16790
seed 16791
seed 16792
seed 16793
seed 16794
seed 16795
seed 16796
seed 16797
seed 16798
seed 16799
seed 16800
seed 16801
seed 16802
seed 16803
seed 16804
seed 16805
seed 16806
seed 16807
seed 16808
seed 16809
seed 16810
seed 16811
seed 16812
seed 16813
seed 16814
seed 16815
seed 16816
seed 16817
seed 16818
seed 16819
seed 16820
seed 16821
seed 16822
seed 16823
seed 16824
seed 16825
seed 16826
seed 16827
seed 16828
seed 16829
seed 16830
seed 16831
seed 16832
seed 16833
seed 16834
seed 16835
seed 16836
seed 16837
seed 16838
seed 16839
seed 16840
seed 16841
seed 16842
seed 16843
seed 16844
seed 16845
seed 16846
seed 16847
seed 16848
seed 16849
seed 16850
seed 16851
seed 16852
seed 16853
seed 16854
seed 16855
seed 16856
seed 16857
seed 16858
seed 16859
seed 16860
seed 16861
seed 16862
seed 16863
seed 16864
seed 16865
seed 16866
seed 16867
seed 16868
seed 16869
seed 16870
seed 16871
seed 16872
seed 16873
seed 16874
seed 16875
seed 16876
seed 16877
seed 16878
seed 16879
seed 16880
seed 16881
seed 16882
seed 16883
seed 16884
seed 16885
seed 16886
seed 16887
seed 16888
seed 16889
seed 16890
seed 16891
seed 16892
seed 16893
seed 16894
seed 16895
seed 16896
seed 16897
seed 16898
seed 16899
seed 16900
seed 16901
seed 16902
seed 16903
seed 16904
seed 16905
seed 16906
seed 16907
seed 16908
seed 16909
seed 16910
seed 16911
seed 16912
seed 16913
seed 16914
seed 16915
seed 16916
seed 16917
seed 16918
seed 16919
seed 16920
seed 16921
seed 16922
seed 16923
seed 16924
seed 16925
seed 16926
seed 16927
seed 16928
seed 16929
seed 16930
seed 16931
seed 16932
seed 16933
seed 16934
seed 16935
seed 16936
seed 16937
seed 16938
seed 16939
seed 16940
seed 16941
seed 16942
seed 16943
seed 16944
seed 16945
seed 16946
seed 16947
seed 16948
seed 16949
seed 16950
seed 16951
seed 16952
seed 16953
seed 16954
seed 16955
seed 16956
seed 16957
seed 16958
seed 16959
seed 16960
seed 16961
seed 16962
seed 16963
seed 16964
seed 16965
seed 16966
seed 16967
seed 16968
seed 16969
seed 16970
seed 16971
seed 16972
seed 16973
seed 16974
seed 16975
seed 16976
seed 16977
seed 16978
seed 16979
seed 16980
seed 16981
seed 16982
seed 16983
seed 16984
seed 16985
seed 16986
seed 16987
seed 16988
seed 16989
seed 16990
seed 16991
seed 16992
seed 16993
seed 16994
seed 16995
seed 16996
seed 16997
seed 16998
seed 16999
seed 17000
seed 17001
seed 17002
seed 17003
seed 17004
seed 17005
seed 17006
seed 17007
seed 17008
seed 17009
seed 17010
seed 17011
seed 17012
seed 17013
seed 17014
seed 17015
seed 17016
seed 17017
seed 17018
seed 17019
seed 17020
seed 17021
seed 17022
seed 17023
seed 17024
seed 17025
seed 17026
seed 17027
seed 17028
seed 17029
seed 17030
seed 17031
seed 17032
seed 17033
seed 17034
seed 17035
seed 17036
seed 17037
seed 17038
seed 17039
seed 17040
seed 17041
seed 17042
seed 17043
seed 17044
seed 17045
seed 17046
seed 17047
seed 17048
seed 17049
seed 17050
seed 17051
seed 17052
seed 17053
seed 17054
seed 17055
seed 17056
seed 17057
seed 17058
seed 17059
seed 17060
seed 17061
seed 17062
seed 17063
seed 17064
seed 17065
seed 17066
seed 17067
seed 17068
seed 17069
seed 17070
seed 17071
seed 17072
seed 17073
seed 17074
seed 17075
seed 17076
seed 17077
seed 17078
seed 17079
seed 17080
seed 17081
seed 17082
seed 17083
seed 17084
seed 17085
seed 17086
seed 17087
seed 17088
seed 17089
seed 17090
seed 17091
seed 17092
seed 17093
seed 17094
seed 17095
seed 17096
seed 17097
seed 17098
seed 17099
seed 17100
seed 17101
seed 17102
seed 17103
seed 17104
seed 17105
seed 17106
seed 17107
seed 17108
seed 17109
seed 17110
seed 17111
seed 17112
seed 17113
seed 17114
seed 17115
seed 17116
seed 17117
seed 17118
seed 17119
seed 17120
seed 17121
seed 17122
seed 17123
seed 17124
seed 17125
seed 17126
seed 17127
seed 17128
seed 17129
seed 17130
seed 17131
seed 17132
seed 17133
seed 17134
seed 17135
seed 17136
seed 17137
seed 17138
seed 17139
seed 17140
seed 17141
seed 17142
seed 17143
seed 17144
seed 17145
seed 17146
seed 17147
seed 17148
seed 17149
seed 17150
seed 17151
seed 17152
seed 17153
seed 17154
seed 17155
seed 17156
seed 17157
seed 17158
seed 17159
seed 17160
seed 17161
seed 17162
seed 17163
seed 17164
seed 17165
seed 17166
seed 17167
seed 17168
seed 17169
seed 17170
seed 17171
seed 17172
seed 17173
seed 17174
seed 17175
seed 17176
seed 17177
seed 17178
seed 17179
seed 17180
seed 17181
seed 17182
seed 17183
seed 17184
seed 17185
seed 17186
seed 17187
seed 17188
seed 17189
seed 17190
seed 17191
seed 17192
seed 17193
seed 17194
seed 17195
seed 17196
seed 17197
seed 17198
seed 17199
seed 17200
seed 17201
seed 17202
seed 17203
seed 17204
seed 17205
seed 17206
seed 17207
seed 17208
seed 17209
seed 17210
seed 17211
seed 17212
seed 17213
seed 17214
seed 17215
seed 17216
seed 17217
seed 17218
seed 17219
seed 17220
seed 17221
seed 17222
seed 17223
seed 17224
seed 17225
seed 17226
seed 17227
seed 17228
seed 17229
seed 17230
seed 17231
seed 17232
seed 17233
seed 17234
seed 17235
seed 17236
seed 17237
seed 17238
seed 17239
seed 17240
seed 17241
seed 17242
seed 17243
seed 17244
seed 17245
seed 17246
seed 17247
seed 17248
seed 17249
seed 17250
seed 17251
seed 17252
seed 17253
seed 17254
seed 17255
seed 17256
seed 17257
seed 17258
seed 17259
seed 17260
seed 17261
seed 17262
seed 17263
seed 17264
seed 17265
seed 17266
seed 17267
seed 17268
seed 17269
seed 17270
seed 17271
seed 17272
seed 17273
seed 17274
seed 17275
seed 17276
seed 17277
seed 17278
seed 17279
seed 17280
seed 17281
seed 17282
seed 17283
seed 17284
seed 17285
seed 17286
seed 17287
seed 17288
seed 17289
seed 17290
seed 17291
seed 17292
seed 17293
seed 17294
seed 17295
seed 17296
seed 17297
seed 17298
seed 17299
seed 17300
seed 17301
seed 17302
seed 17303
seed 17304
seed 17305
seed 17306
seed 17307
seed 17308
seed 17309
seed 17310
seed 17311
seed 17312
seed 17313
seed 17314
seed 17315
seed 17316
seed 17317
seed 17318
seed 17319
seed 17320
seed 17321
seed 17322
seed 17323
seed 17324
seed 17325
seed 17326
seed 17327
seed 17328
seed 17329
seed 17330
seed 17331
seed 17332
seed 17333
seed 17334
seed 17335
seed 17336
seed 17337
seed 17338
seed 17339
seed 17340
seed 17341
seed 17342
seed 17343
seed 17344
seed 17345
seed 17346
seed 17347
seed 17348
seed 17349
seed 17350
seed 17351
seed 17352
seed 17353
seed 17354
seed 17355
seed 17356
seed 17357
seed 17358
seed 17359
seed 17360
seed 17361
seed 17362
seed 17363
seed 17364
seed 17365
seed 17366
seed 17367
seed 17368
seed 17369
seed 17370
seed 17371
seed 17372
seed 17373
seed 17374
seed 17375
seed 17376
seed 17377
seed 17378
seed 17379
seed 17380
seed 17381
seed 17382
seed 17383
seed 17384
seed 17385
seed 17386
seed 17387
seed 17388
seed 17389
seed 17390
seed 17391
seed 17392
seed 17393
seed 17394
seed 17395
seed 17396
seed 17397
seed 17398
seed 17399
seed 17400
seed 17401
seed 17402
seed 17403
seed 17404
seed 17405
seed 17406
seed 17407
seed 17408
seed 17409
seed 17410
seed 17411
seed 17412
seed 17413
seed 17414
seed 17415
seed 17416
seed 17417
seed 17418
seed 17419
seed 17420
seed 17421
seed 17422
seed 17423
seed 17424
seed 17425
seed 17426
seed 17427
seed 17428
seed 17429
seed 17430
seed 17431
seed 17432
seed 17433
seed 17434
seed 17435
seed 17436
seed 17437
seed 17438
seed 17439
seed 17440
seed 17441
seed 17442
seed 17443
seed 17444
seed 17445
seed 17446
seed 17447
seed 17448
seed 17449
seed 17450
seed 17451
seed 17452
seed 17453
seed 17454
seed 17455
seed 17456
seed 17457
seed 17458
seed 17459
seed 17460
seed 17461
seed 17462
seed 17463
seed 17464
seed 17465
seed 17466
seed 17467
seed 17468
seed 17469
seed 17470
seed 17471
seed 17472
seed 17473
seed 17474
seed 17475
seed 17476
seed 17477
seed 17478
seed 17479
seed 17480
seed 17481
seed 17482
seed 17483
seed 17484
seed 17485
seed 17486
seed 17487
seed 17488
seed 17489
seed 17490
seed 17491
seed 17492
seed 17493
seed 17494
seed 17495
seed 17496
seed 17497
seed 17498
seed 17499
seed 17500
seed 17501
seed 17502
seed 17503
seed 17504
seed 17505
seed 17506
seed 17507
seed 17508
seed 17509
seed 17510
seed 17511
seed 17512
seed 17513
seed 17514
seed 17515
seed 17516
seed 17517
seed 17518
seed 17519
seed 17520
seed 17521
seed 17522
seed 17523
seed 17524
seed 17525
seed 17526
seed 17527
seed 17528
seed 17529
seed 17530
seed 17531
seed 17532
seed 17533
seed 17534
seed 17535
seed 17536
seed 17537
seed 17538
seed 17539
seed 17540
seed 17541
seed 17542
seed 17543
seed 17544
seed 17545
seed 17546
seed 17547
seed 17548
seed 17549
seed 17550
seed 17551
seed 17552
seed 17553
seed 17554
seed 17555
seed 17556
seed 17557
seed 17558
seed 17559
seed 17560
seed 17561
seed 17562
seed 17563
seed 17564
seed 17565
seed 17566
seed 17567
seed 17568
seed 17569
seed 17570
seed 17571
seed 17572
seed 17573
seed 17574
seed 17575
seed 17576
seed 17577
seed 17578
seed 17579
seed 17580
seed 17581
seed 17582
seed 17583
seed 17584
seed 17585
seed 17586
seed 17587
seed 17588
seed 17589
seed 17590
seed 17591
seed 17592
seed 17593
seed 17594
seed 17595
seed 17596
seed 17597
seed 17598
seed 17599
seed 17600
seed 17601
seed 17602
seed 17603
seed 17604
seed 17605
seed 17606
seed 17607
seed 17608
seed 17609
seed 17610
seed 17611
seed 17612
seed 17613
seed 17614
seed 17615
seed 17616
seed 17617
seed 17618
seed 17619
seed 17620
seed 17621
seed 17622
seed 17623
seed 17624
seed 17625
seed 17626
seed 17627
seed 17628
seed 17629
seed 17630
seed 17631
seed 17632
seed 17633
seed 17634
seed 17635
seed 17636
seed 17637
seed 17638
seed 17639
seed 17640
seed 17641
seed 17642
seed 17643
seed 17644
seed 17645
seed 17646
seed 17647
seed 17648
seed 17649
seed 17650
seed 17651
seed 17652
seed 17653
seed 17654
seed 17655
seed 17656
seed 17657
seed 17658
seed 17659
seed 17660
seed 17661
seed 17662
seed 17663
seed 17664
seed 17665
seed 17666
seed 17667
seed 17668
seed 17669
seed 17670
seed 17671
seed 17672
seed 17673
seed 17674
seed 17675
seed 17676
seed 17677
seed 17678
seed 17679
seed 17680
seed 17681
seed 17682
seed 17683
seed 17684
seed 17685
seed 17686
seed 17687
seed 17688
seed 17689
seed 17690
seed 17691
seed 17692
seed 17693
seed 17694
seed 17695
seed 17696
seed 17697
seed 17698
seed 17699
seed 17700
seed 17701
seed 17702
seed 17703
seed 17704
seed 17705
seed 17706
seed 17707
seed 17708
seed 17709
seed 17710
seed 17711
seed 17712
seed 17713
seed 17714
seed 17715
seed 17716
seed 17717
seed 17718
seed 17719
seed 17720
seed 17721
seed 17722
seed 17723
seed 17724
seed 17725
seed 17726
seed 17727
seed 17728
seed 17729
seed 17730
seed 17731
seed 17732
seed 17733
seed 17734
seed 17735
seed 17736
seed 17737
seed 17738
seed 17739
seed 17740
seed 17741
seed 17742
seed 17743
seed 17744
seed 17745
seed 17746
seed 17747
seed 17748
seed 17749
seed 17750
seed 17751
seed 17752
seed 17753
seed 17754
seed 17755
seed 17756
seed 17757
seed 17758
seed 17759
seed 17760
seed 17761
seed 17762
seed 17763
seed 17764
seed 17765
seed 17766
seed 17767
seed 17768
seed 17769
seed 17770
seed 17771
seed 17772
seed 17773
seed 17774
seed 17775
seed 17776
seed 17777
seed 17778
seed 17779
seed 17780
seed 17781
seed 17782
seed 17783
seed 17784
seed 17785
seed 17786
seed 17787
seed 17788
seed 17789
seed 17790
seed 17791
seed 17792
seed 17793
seed 17794
seed 17795
seed 17796
seed 17797
seed 17798
seed 17799
seed 17800
seed 17801
seed 17802
seed 17803
seed 17804
seed 17805
seed 17806
seed 17807
seed 17808
seed 17809
seed 17810
seed 17811
seed 17812
seed 17813
seed 17814
seed 17815
seed 17816
seed 17817
seed 17818
seed 17819
seed 17820
seed 17821
seed 17822
seed 17823
seed 17824
seed 17825
seed 17826
seed 17827
seed 17828
seed 17829
seed 17830
seed 17831
seed 17832
seed 17833
seed 17834
seed 17835
seed 17836
seed 17837
seed 17838
seed 17839
seed 17840
seed 17841
seed 17842
seed 17843
seed 17844
seed 17845
seed 17846
seed 17847
seed 17848
seed 17849
seed 17850
seed 17851
seed 17852
seed 17853
seed 17854
seed 17855
seed 17856
seed 17857
seed 17858
seed 17859
seed 17860
seed 17861
seed 17862
seed 17863
seed 17864
seed 17865
seed 17866
seed 17867
seed 17868
seed 17869
seed 17870
seed 17871
seed 17872
seed 17873
seed 17874
seed 17875
seed 17876
seed 17877
seed 17878
seed 17879
seed 17880
seed 17881
seed 17882
seed 17883
seed 17884
seed 17885
seed 17886
seed 17887
seed 17888
seed 17889
seed 17890
seed 17891
seed 17892
seed 17893
seed 17894
seed 17895
seed 17896
seed 17897
seed 17898
seed 17899
seed 17900
seed 17901
seed 17902
seed 17903
seed 17904
seed 17905
seed 17906
seed 17907
seed 17908
seed 17909
seed 17910
seed 17911
seed 17912
seed 17913
seed 17914
seed 17915
seed 17916
seed 17917
seed 17918
seed 17919
seed 17920
seed 17921
seed 17922
seed 17923
seed 17924
seed 17925
seed 17926
seed 17927
seed 17928
seed 17929
seed 17930
seed 17931
seed 17932
seed 17933
seed 17934
seed 17935
seed 17936
seed 17937
seed 17938
seed 17939
seed 17940
seed 17941
seed 17942
seed 17943
seed 17944
seed 17945
seed 17946
seed 17947
seed 17948
seed 17949
seed 17950
seed 17951
seed 17952
seed 17953
seed 17954
seed 17955
seed 17956
seed 17957
seed 17958
seed 17959
seed 17960
seed 17961
seed 17962
seed 17963
seed 17964
seed 17965
seed 17966
seed 17967
seed 17968
seed 17969
seed 17970
seed 17971
seed 17972
seed 17973
seed 17974
seed 17975
seed 17976
seed 17977
seed 17978
seed 17979
seed 17980
seed 17981
seed 17982
seed 17983
seed 17984
seed 17985
seed 17986
seed 17987
seed 17988
seed 17989
seed 17990
seed 17991
seed 17992
seed 17993
seed 17994
seed 17995
seed 17996
seed 17997
seed 17998
seed 17999
seed 18000
seed 18001
seed 18002
seed 18003
seed 18004
seed 18005
seed 18006
seed 18007
seed 18008
seed 18009
seed 18010
seed 18011
seed 18012
seed 18013
seed 18014
seed 18015
seed 18016
seed 18017
seed 18018
seed 18019
seed 18020
seed 18021
seed 18022
seed 18023
seed 18024
seed 18025
seed 18026
seed 18027
seed 18028
seed 18029
seed 18030
seed 18031
seed 18032
seed 18033
seed 18034
seed 18035
seed 18036
seed 18037
seed 18038
seed 18039
seed 18040
seed 18041
seed 18042
seed 18043
seed 18044
seed 18045
seed 18046
seed 18047
seed 18048
seed 18049
seed 18050
seed 18051
seed 18052
seed 18053
seed 18054
seed 18055
seed 18056
seed 18057
seed 18058
seed 18059
seed 18060
seed 18061
seed 18062
seed 18063
seed 18064
seed 18065
seed 18066
seed 18067
seed 18068
seed 18069
seed 18070
seed 18071
seed 18072
seed 18073
seed 18074
seed 18075
seed 18076
seed 18077
seed 18078
seed 18079
seed 18080
seed 18081
seed 18082
seed 18083
seed 18084
seed 18085
seed 18086
seed 18087
seed 18088
seed 18089
seed 18090
seed 18091
seed 18092
seed 18093
seed 18094
seed 18095
seed 18096
seed 18097
seed 18098
seed 18099
seed 18100
seed 18101
seed 18102
seed 18103
seed 18104
seed 18105
seed 18106
seed 18107
seed 18108
seed 18109
seed 18110
seed 18111
seed 18112
seed 18113
seed 18114
seed 18115
seed 18116
seed 18117
seed 18118
seed 18119
seed 18120
seed 18121
seed 18122
seed 18123
seed 18124
seed 18125
seed 18126
seed 18127
seed 18128
seed 18129
seed 18130
seed 18131
seed 18132
seed 18133
seed 18134
seed 18135
seed 18136
seed 18137
seed 18138
seed 18139
seed 18140
seed 18141
seed 18142
seed 18143
seed 18144
seed 18145
seed 18146
seed 18147
seed 18148
seed 18149
seed 18150
seed 18151
seed 18152
seed 18153
seed 18154
seed 18155
seed 18156
seed 18157
seed 18158
seed 18159
seed 18160
seed 18161
seed 18162
seed 18163
seed 18164
seed 18165
seed 18166
seed 18167
seed 18168
seed 18169
seed 18170
seed 18171
seed 18172
seed 18173
seed 18174
seed 18175
seed 18176
seed 18177
seed 18178
seed 18179
seed 18180
seed 18181
seed 18182
seed 18183
seed 18184
seed 18185
seed 18186
seed 18187
seed 18188
seed 18189
seed 18190
seed 18191
seed 18192
seed 18193
seed 18194
seed 18195
seed 18196
seed 18197
seed 18198
seed 18199
seed 18200
seed 18201
seed 18202
seed 18203
seed 18204
seed 18205
seed 18206
seed 18207
seed 18208
seed 18209
seed 18210
seed 18211
seed 18212
seed 18213
seed 18214
seed 18215
seed 18216
seed 18217
seed 18218
seed 18219
seed 18220
seed 18221
seed 18222
seed 18223
seed 18224
seed 18225
seed 18226
seed 18227
seed 18228
seed 18229
seed 18230
seed 18231
seed 18232
seed 18233
seed 18234
seed 18235
seed 18236
seed 18237
seed 18238
seed 18239
seed 18240
seed 18241
seed 18242
seed 18243
seed 18244
seed 18245
seed 18246
seed 18247
seed 18248
seed 18249
seed 18250
seed 18251
seed 18252
seed 18253
seed 18254
seed 18255
seed 18256
seed 18257
seed 18258
seed 18259
seed 18260
seed 18261
seed 18262
seed 18263
seed 18264
seed 18265
seed 18266
seed 18267
seed 18268
seed 18269
seed 18270
seed 18271
seed 18272
seed 18273
seed 18274
seed 18275
seed 18276
seed 18277
seed 18278
seed 18279
seed 18280
seed 18281
seed 18282
seed 18283
seed 18284
seed 18285
seed 18286
seed 18287
seed 18288
seed 18289
seed 18290
seed 18291
seed 18292
seed 18293
seed 18294
seed 18295
seed 18296
seed 18297
seed 18298
seed 18299
seed 18300
seed 18301
seed 18302
seed 18303
seed 18304
seed 18305
seed 18306
seed 18307
seed 18308
seed 18309
seed 18310
seed 18311
seed 18312
seed 18313
seed 18314
seed 18315
seed 18316
seed 18317
seed 18318
seed 18319
seed 18320
seed 18321
seed 18322
seed 18323
seed 18324
seed 18325
seed 18326
seed 18327
seed 18328
seed 18329
seed 18330
seed 18331
seed 18332
seed 18333
seed 18334
seed 18335
seed 18336
seed 18337
seed 18338
seed 18339
seed 18340
seed 18341
seed 18342
seed 18343
seed 18344
seed 18345
seed 18346
seed 18347
seed 18348
seed 18349
seed 18350
seed 18351
seed 18352
seed 18353
seed 18354
seed 18355
seed 18356
seed 18357
seed 18358
seed 18359
seed 18360
seed 18361
seed 18362
seed 18363
seed 18364
seed 18365
seed 18366
seed 18367
seed 18368
seed 18369
seed 18370
seed 18371
seed 18372
seed 18373
seed 18374
seed 18375
seed 18376
seed 18377
seed 18378
seed 18379
seed 18380
seed 18381
seed 18382
seed 18383
seed 18384
seed 18385
seed 18386
seed 18387
seed 18388
seed 18389
seed 18390
seed 18391
seed 18392
seed 18393
seed 18394
seed 18395
seed 18396
seed 18397
seed 18398
seed 18399
seed 18400
seed 18401
seed 18402
seed 18403
seed 18404
seed 18405
seed 18406
seed 18407
seed 18408
seed 18409
seed 18410
seed 18411
seed 18412
seed 18413
seed 18414
seed 18415
seed 18416
seed 18417
seed 18418
seed 18419
seed 18420
seed 18421
seed 18422
seed 18423
seed 18424
seed 18425
seed 18426
seed 18427
seed 18428
seed 18429
seed 18430
seed 18431
seed 18432
seed 18433
seed 18434
seed 18435
seed 18436
seed 18437
seed 18438
seed 18439
seed 18440
seed 18441
seed 18442
seed 18443
seed 18444
seed 18445
seed 18446
seed 18447
seed 18448
seed 18449
seed 18450
seed 18451
seed 18452
seed 18453
seed 18454
seed 18455
seed 18456
seed 18457
seed 18458
seed 18459
seed 18460
seed 18461
seed 18462
seed 18463
seed 18464
seed 18465
seed 18466
seed 18467
seed 18468
seed 18469
seed 18470
seed 18471
seed 18472
seed 18473
seed 18474
seed 18475
seed 18476
seed 18477
seed 18478
seed 18479
seed 18480
seed 18481
seed 18482
seed 18483
seed 18484
seed 18485
seed 18486
seed 18487
seed 18488
seed 18489
seed 18490
seed 18491
seed 18492
seed 18493
seed 18494
seed 18495
seed 18496
seed 18497
seed 18498
seed 18499
seed 18500
seed 18501
seed 18502
seed 18503
seed 18504
seed 18505
seed 18506
seed 18507
seed 18508
seed 18509
seed 18510
seed 18511
seed 18512
seed 18513
seed 18514
seed 18515
seed 18516
seed 18517
seed 18518
seed 18519
seed 18520
seed 18521
seed 18522
seed 18523
seed 18524
seed 18525
seed 18526
seed 18527
seed 18528
seed 18529
seed 18530
seed 18531
seed 18532
seed 18533
seed 18534
seed 18535
seed 18536
seed 18537
seed 18538
seed 18539
seed 18540
seed 18541
seed 18542
seed 18543
seed 18544
seed 18545
seed 18546
seed 18547
seed 18548
seed 18549
seed 18550
seed 18551
seed 18552
seed 18553
seed 18554
seed 18555
seed 18556
seed 18557
seed 18558
seed 18559
seed 18560
seed 18561
seed 18562
seed 18563
seed 18564
seed 18565
seed 18566
seed 18567
seed 18568
seed 18569
seed 18570
seed 18571
seed 18572
seed 18573
seed 18574
seed 18575
seed 18576
seed 18577
seed 18578
seed 18579
seed 18580
seed 18581
seed 18582
seed 18583
seed 18584
seed 18585
seed 18586
seed 18587
seed 18588
seed 18589
seed 18590
seed 18591
seed 18592
seed 18593
seed 18594
seed 18595
seed 18596
seed 18597
seed 18598
seed 18599
seed 18600
seed 18601
seed 18602
seed 18603
seed 18604
seed 18605
seed 18606
seed 18607
seed 18608
seed 18609
seed 18610
seed 18611
seed 18612
seed 18613
seed 18614
seed 18615
seed 18616
seed 18617
seed 18618
seed 18619
seed 18620
seed 18621
seed 18622
seed 18623
seed 18624
seed 18625
seed 18626
seed 18627
seed 18628
seed 18629
seed 18630
seed 18631
seed 18632
seed 18633
seed 18634
seed 18635
seed 18636
seed 18637
seed 18638
seed 18639
seed 18640
seed 18641
seed 18642
seed 18643
seed 18644
seed 18645
seed 18646
seed 18647
seed 18648
seed 18649
seed 18650
seed 18651
seed 18652
seed 18653
seed 18654
seed 18655
seed 18656
seed 18657
seed 18658
seed 18659
seed 18660
seed 18661
seed 18662
seed 18663
seed 18664
seed 18665
seed 18666
seed 18667
seed 18668
seed 18669
seed 18670
seed 18671
seed 18672
seed 18673
seed 18674
seed 18675
seed 18676
seed 18677
seed 18678
seed 18679
seed 18680
seed 18681
seed 18682
seed 18683
seed 18684
seed 18685
seed 18686
seed 18687
seed 18688
seed 18689
seed 18690
seed 18691
seed 18692
seed 18693
seed 18694
seed 18695
seed 18696
seed 18697
seed 18698
seed 18699
seed 18700
seed 18701
seed 18702
seed 18703
seed 18704
seed 18705
seed 18706
seed 18707
seed 18708
seed 18709
seed 18710
seed 18711
seed 18712
seed 18713
seed 18714
seed 18715
seed 18716
seed 18717
seed 18718
seed 18719
seed 18720
seed 18721
seed 18722
seed 18723
seed 18724
seed 18725
seed 18726
seed 18727
seed 18728
seed 18729
seed 18730
seed 18731
seed 18732
seed 18733
seed 18734
seed 18735
seed 18736
seed 18737
seed 18738
seed 18739
seed 18740
seed 18741
seed 18742
seed 18743
seed 18744
seed 18745
seed 18746
seed 18747
seed 18748
seed 18749
seed 18750
seed 18751
seed 18752
seed 18753
seed 18754
seed 18755
seed 18756
seed 18757
seed 18758
seed 18759
seed 18760
seed 18761
seed 18762
seed 18763
seed 18764
seed 18765
seed 18766
seed 18767
seed 18768
seed 18769
seed 18770
seed 18771
seed 18772
seed 18773
seed 18774
seed 18775
seed 18776
seed 18777
seed 18778
seed 18779
seed 18780
seed 18781
seed 18782
seed 18783
seed 18784
seed 18785
seed 18786
seed 18787
seed 18788
seed 18789
seed 18790
seed 18791
seed 18792
seed 18793
seed 18794
seed 18795
seed 18796
seed 18797
seed 18798
seed 18799
seed 18800
seed 18801
seed 18802
seed 18803
seed 18804
seed 18805
seed 18806
seed 18807
seed 18808
seed 18809
seed 18810
seed 18811
seed 18812
seed 18813
seed 18814
seed 18815
seed 18816
seed 18817
seed 18818
seed 18819
seed 18820
seed 18821
seed 18822
seed 18823
seed 18824
seed 18825
seed 18826
seed 18827
seed 18828
seed 18829
seed 18830
seed 18831
seed 18832
seed 18833
seed 18834
seed 18835
seed 18836
seed 18837
seed 18838
seed 18839
seed 18840
seed 18841
seed 18842
seed 18843
seed 18844
seed 18845
seed 18846
seed 18847
seed 18848
seed 18849
seed 18850
seed 18851
seed 18852
seed 18853
seed 18854
seed 18855
seed 18856
seed 18857
seed 18858
seed 18859
seed 18860
seed 18861
seed 18862
seed 18863
seed 18864
seed 18865
seed 18866
seed 18867
seed 18868
seed 18869
seed 18870
seed 18871
seed 18872
seed 18873
seed 18874
seed 18875
seed 18876
seed 18877
seed 18878
seed 18879
seed 18880
seed 18881
seed 18882
seed 18883
seed 18884
seed 18885
seed 18886
seed 18887
seed 18888
seed 18889
seed 18890
seed 18891
seed 18892
seed 18893
seed 18894
seed 18895
seed 18896
seed 18897
seed 18898
seed 18899
seed 18900
seed 18901
seed 18902
seed 18903
seed 18904
seed 18905
seed 18906
seed 18907
seed 18908
seed 18909
seed 18910
seed 18911
seed 18912
seed 18913
seed 18914
seed 18915
seed 18916
seed 18917
seed 18918
seed 18919
seed 18920
seed 18921
seed 18922
seed 18923
seed 18924
seed 18925
seed 18926
seed 18927
seed 18928
seed 18929
seed 18930
seed 18931
seed 18932
seed 18933
seed 18934
seed 18935
seed 18936
seed 18937
seed 18938
seed 18939
seed 18940
seed 18941
seed 18942
seed 18943
seed 18944
seed 18945
seed 18946
seed 18947
seed 18948
seed 18949
seed 18950
seed 18951
seed 18952
seed 18953
seed 18954
seed 18955
seed 18956
seed 18957
seed 18958
seed 18959
seed 18960
seed 18961
seed 18962
seed 18963
seed 18964
seed 18965
seed 18966
seed 18967
seed 18968
seed 18969
seed 18970
seed 18971
seed 18972
seed 18973
seed 18974
seed 18975
seed 18976
seed 18977
seed 18978
seed 18979
seed 18980
seed 18981
seed 18982
seed 18983
seed 18984
seed 18985
seed 18986
seed 18987
seed 18988
seed 18989
seed 18990
seed 18991
seed 18992
seed 18993
seed 18994
seed 18995
seed 18996
seed 18997
seed 18998
seed 18999
seed 19000
seed 19001
seed 19002
seed 19003
seed 19004
seed 19005
seed 19006
seed 19007
seed 19008
seed 19009
seed 19010
seed 19011
seed 19012
seed 19013
seed 19014
seed 19015
seed 19016
seed 19017
seed 19018
seed 19019
seed 19020
seed 19021
seed 19022
seed 19023
seed 19024
seed 19025
seed 19026
seed 19027
seed 19028
seed 19029
seed 19030
seed 19031
seed 19032
seed 19033
seed 19034
seed 19035
seed 19036
seed 19037
seed 19038
seed 19039
seed 19040
seed 19041
seed 19042
seed 19043
seed 19044
seed 19045
seed 19046
seed 19047
seed 19048
seed 19049
seed 19050
seed 19051
seed 19052
seed 19053
seed 19054
seed 19055
seed 19056
seed 19057
seed 19058
seed 19059
seed 19060
seed 19061
seed 19062
seed 19063
seed 19064
seed 19065
seed 19066
seed 19067
seed 19068
seed 19069
seed 19070
seed 19071
seed 19072
seed 19073
seed 19074
seed 19075
seed 19076
seed 19077
seed 19078
seed 19079
seed 19080
seed 19081
seed 19082
seed 19083
seed 19084
seed 19085
seed 19086
seed 19087
seed 19088
seed 19089
seed 19090
seed 19091
seed 19092
seed 19093
seed 19094
seed 19095
seed 19096
seed 19097
seed 19098
seed 19099
seed 19100
seed 19101
seed 19102
seed 19103
seed 19104
seed 19105
seed 19106
seed 19107
seed 19108
seed 19109
seed 19110
seed 19111
seed 19112
seed 19113
seed 19114
seed 19115
seed 19116
seed 19117
seed 19118
seed 19119
seed 19120
seed 19121
seed 19122
seed 19123
seed 19124
seed 19125
seed 19126
seed 19127
seed 19128
seed 19129
seed 19130
seed 19131
seed 19132
seed 19133
seed 19134
seed 19135
seed 19136
seed 19137
seed 19138
seed 19139
seed 19140
seed 19141
seed 19142
seed 19143
seed 19144
seed 19145
seed 19146
seed 19147
seed 19148
seed 19149
seed 19150
seed 19151
seed 19152
seed 19153
seed 19154
seed 19155
seed 19156
seed 19157
seed 19158
seed 19159
seed 19160
seed 19161
seed 19162
seed 19163
seed 19164
seed 19165
seed 19166
seed 19167
seed 19168
seed 19169
seed 19170
seed 19171
seed 19172
seed 19173
seed 19174
seed 19175
seed 19176
seed 19177
seed 19178
seed 19179
seed 19180
seed 19181
seed 19182
seed 19183
seed 19184
seed 19185
seed 19186
seed 19187
seed 19188
seed 19189
seed 19190
seed 19191
seed 19192
seed 19193
seed 19194
seed 19195
seed 19196
seed 19197
seed 19198
seed 19199
seed 19200
seed 19201
seed 19202
seed 19203
seed 19204
seed 19205
seed 19206
seed 19207
seed 19208
seed 19209
seed 19210
seed 19211
seed 19212
seed 19213
seed 19214
seed 19215
seed 19216
seed 19217
seed 19218
seed 19219
seed 19220
seed 19221
seed 19222
seed 19223
seed 19224
seed 19225
seed 19226
seed 19227
seed 19228
seed 19229
seed 19230
seed 19231
seed 19232
seed 19233
seed 19234
seed 19235
seed 19236
seed 19237
seed 19238
seed 19239
seed 19240
seed 19241
seed 19242
seed 19243
seed 19244
seed 19245
seed 19246
seed 19247
seed 19248
seed 19249
seed 19250
seed 19251
seed 19252
seed 19253
seed 19254
seed 19255
seed 19256
seed 19257
seed 19258
seed 19259
seed 19260
seed 19261
seed 19262
seed 19263
seed 19264
seed 19265
seed 19266
seed 19267
seed 19268
seed 19269
seed 19270
seed 19271
seed 19272
seed 19273
seed 19274
seed 19275
seed 19276
seed 19277
seed 19278
seed 19279
seed 19280
seed 19281
seed 19282
seed 19283
seed 19284
seed 19285
seed 19286
seed 19287
seed 19288
seed 19289
seed 19290
seed 19291
seed 19292
seed 19293
seed 19294
seed 19295
seed 19296
seed 19297
seed 19298
seed 19299
seed 19300
seed 19301
seed 19302
seed 19303
seed 19304
seed 19305
seed 19306
seed 19307
seed 19308
seed 19309
seed 19310
seed 19311
seed 19312
seed 19313
seed 19314
seed 19315
seed 19316
seed 19317
seed 19318
seed 19319
seed 19320
seed 19321
seed 19322
seed 19323
seed 19324
seed 19325
seed 19326
seed 19327
seed 19328
seed 19329
seed 19330
seed 19331
seed 19332
seed 19333
seed 19334
seed 19335
seed 19336
seed 19337
seed 19338
seed 19339
seed 19340
seed 19341
seed 19342
seed 19343
seed 19344
seed 19345
seed 19346
seed 19347
seed 19348
seed 19349
seed 19350
seed 19351
seed 19352
seed 19353
seed 19354
seed 19355
seed 19356
seed 19357
seed 19358
seed 19359
seed 19360
seed 19361
seed 19362
seed 19363
seed 19364
seed 19365
seed 19366
seed 19367
seed 19368
seed 19369
seed 19370
seed 19371
seed 19372
seed 19373
seed 19374
seed 19375
seed 19376
seed 19377
seed 19378
seed 19379
seed 19380
seed 19381
seed 19382
seed 19383
seed 19384
seed 19385
seed 19386
seed 19387
seed 19388
seed 19389
seed 19390
seed 19391
seed 19392
seed 19393
seed 19394
seed 19395
seed 19396
seed 19397
seed 19398
seed 19399
seed 19400
seed 19401
seed 19402
seed 19403
seed 19404
seed 19405
seed 19406
seed 19407
seed 19408
seed 19409
seed 19410
seed 19411
seed 19412
seed 19413
seed 19414
seed 19415
seed 19416
seed 19417
seed 19418
seed 19419
seed 19420
seed 19421
seed 19422
seed 19423
seed 19424
seed 19425
seed 19426
seed 19427
seed 19428
seed 19429
seed 19430
seed 19431
seed 19432
seed 19433
seed 19434
seed 19435
seed 19436
seed 19437
seed 19438
seed 19439
seed 19440
seed 19441
seed 19442
seed 19443
seed 19444
seed 19445
seed 19446
seed 19447
seed 19448
seed 19449
seed 19450
seed 19451
seed 19452
seed 19453
seed 19454
seed 19455
seed 19456
seed 19457
seed 19458
seed 19459
seed 19460
seed 19461
seed 19462
seed 19463
seed 19464
seed 19465
seed 19466
seed 19467
seed 19468
seed 19469
seed 19470
seed 19471
seed 19472
seed 19473
seed 19474
seed 19475
seed 19476
seed 19477
seed 19478
seed 19479
seed 19480
seed 19481
seed 19482
seed 19483
seed 19484
seed 19485
seed 19486
seed 19487
seed 19488
seed 19489
seed 19490
seed 19491
seed 19492
seed 19493
seed 19494
seed 19495
seed 19496
seed 19497
seed 19498
seed 19499
seed 19500
seed 19501
seed 19502
seed 19503
seed 19504
seed 19505
seed 19506
seed 19507
seed 19508
seed 19509
seed 19510
seed 19511
seed 19512
seed 19513
seed 19514
seed 19515
seed 19516
seed 19517
seed 19518
seed 19519
seed 19520
seed 19521
seed 19522
seed 19523
seed 19524
seed 19525
seed 19526
seed 19527
seed 19528
seed 19529
seed 19530
seed 19531
seed 19532
seed 19533
seed 19534
seed 19535
seed 19536
seed 19537
seed 19538
seed 19539
seed 19540
seed 19541
seed 19542
seed 19543
seed 19544
seed 19545
seed 19546
seed 19547
seed 19548
seed 19549
seed 19550
seed 19551
seed 19552
seed 19553
seed 19554
seed 19555
seed 19556
seed 19557
seed 19558
seed 19559
seed 19560
seed 19561
seed 19562
seed 19563
seed 19564
seed 19565
seed 19566
seed 19567
seed 19568
seed 19569
seed 19570
seed 19571
seed 19572
seed 19573
seed 19574
seed 19575
seed 19576
seed 19577
seed 19578
seed 19579
seed 19580
seed 19581
seed 19582
seed 19583
seed 19584
seed 19585
seed 19586
seed 19587
seed 19588
seed 19589
seed 19590
seed 19591
seed 19592
seed 19593
seed 19594
seed 19595
seed 19596
seed 19597
seed 19598
seed 19599
seed 19600
seed 19601
seed 19602
seed 19603
seed 19604
seed 19605
seed 19606
seed 19607
seed 19608
seed 19609
seed 19610
seed 19611
seed 19612
seed 19613
seed 19614
seed 19615
seed 19616
seed 19617
seed 19618
seed 19619
seed 19620
seed 19621
seed 19622
seed 19623
seed 19624
seed 19625
seed 19626
seed 19627
seed 19628
seed 19629
seed 19630
seed 19631
seed 19632
seed 19633
seed 19634
seed 19635
seed 19636
seed 19637
seed 19638
seed 19639
seed 19640
seed 19641
seed 19642
seed 19643
seed 19644
seed 19645
seed 19646
seed 19647
seed 19648
seed 19649
seed 19650
seed 19651
seed 19652
seed 19653
seed 19654
seed 19655
seed 19656
seed 19657
seed 19658
seed 19659
seed 19660
seed 19661
seed 19662
seed 19663
seed 19664
seed 19665
seed 19666
seed 19667
seed 19668
seed 19669
seed 19670
seed 19671
seed 19672
seed 19673
seed 19674
seed 19675
seed 19676
seed 19677
seed 19678
seed 19679
seed 19680
seed 19681
seed 19682
seed 19683
seed 19684
seed 19685
seed 19686
seed 19687
seed 19688
seed 19689
seed 19690
seed 19691
seed 19692
seed 19693
seed 19694
seed 19695
seed 19696
seed 19697
seed 19698
seed 19699
seed 19700
seed 19701
seed 19702
seed 19703
seed 19704
seed 19705
seed 19706
seed 19707
seed 19708
seed 19709
seed 19710
seed 19711
seed 19712
seed 19713
seed 19714
seed 19715
seed 19716
seed 19717
seed 19718
seed 19719
seed 19720
seed 19721
seed 19722
seed 19723
seed 19724
seed 19725
seed 19726
seed 19727
seed 19728
seed 19729
seed 19730
seed 19731
seed 19732
seed 19733
seed 19734
seed 19735
seed 19736
seed 19737
seed 19738
seed 19739
seed 19740
seed 19741
seed 19742
seed 19743
seed 19744
seed 19745
seed 19746
seed 19747
seed 19748
seed 19749
seed 19750
seed 19751
seed 19752
seed 19753
seed 19754
seed 19755
seed 19756
seed 19757
seed 19758
seed 19759
seed 19760
seed 19761
seed 19762
seed 19763
seed 19764
seed 19765
seed 19766
seed 19767
seed 19768
seed 19769
seed 19770
seed 19771
seed 19772
seed 19773
seed 19774
seed 19775
seed 19776
seed 19777
seed 19778
seed 19779
seed 19780
seed 19781
seed 19782
seed 19783
seed 19784
seed 19785
seed 19786
seed 19787
seed 19788
seed 19789
seed 19790
seed 19791
seed 19792
seed 19793
seed 19794
seed 19795
seed 19796
seed 19797
seed 19798
seed 19799
seed 19800
seed 19801
seed 19802
seed 19803
seed 19804
seed 19805
seed 19806
seed 19807
seed 19808
seed 19809
seed 19810
seed 19811
seed 19812
seed 19813
seed 19814
seed 19815
seed 19816
seed 19817
seed 19818
seed 19819
seed 19820
seed 19821
seed 19822
seed 19823
seed 19824
seed 19825
seed 19826
seed 19827
seed 19828
seed 19829
seed 19830
seed 19831
seed 19832
seed 19833
seed 19834
seed 19835
seed 19836
seed 19837
seed 19838
seed 19839
seed 19840
seed 19841
seed 19842
seed 19843
seed 19844
seed 19845
seed 19846
seed 19847
seed 19848
seed 19849
seed 19850
seed 19851
seed 19852
seed 19853
seed 19854
seed 19855
seed 19856
seed 19857
seed 19858
seed 19859
seed 19860
seed 19861
seed 19862
seed 19863
seed 19864
seed 19865
seed 19866
seed 19867
seed 19868
seed 19869
seed 19870
seed 19871
seed 19872
seed 19873
seed 19874
seed 19875
seed 19876
seed 19877
seed 19878
seed 19879
seed 19880
seed 19881
seed 19882
seed 19883
seed 19884
seed 19885
seed 19886
seed 19887
seed 19888
seed 19889
seed 19890
seed 19891
seed 19892
seed 19893
seed 19894
seed 19895
seed 19896
seed 19897
seed 19898
seed 19899
seed 19900
seed 19901
seed 19902
seed 19903
seed 19904
seed 19905
seed 19906
seed 19907
seed 19908
seed 19909
seed 19910
seed 19911
seed 19912
seed 19913
seed 19914
seed 19915
seed 19916
seed 19917
seed 19918
seed 19919
seed 19920
seed 19921
seed 19922
seed 19923
seed 19924
seed 19925
seed 19926
seed 19927
seed 19928
seed 19929
seed 19930
seed 19931
seed 19932
seed 19933
seed 19934
seed 19935
seed 19936
seed 19937
seed 19938
seed 19939
seed 19940
seed 19941
seed 19942
seed 19943
seed 19944
seed 19945
seed 19946
seed 19947
seed 19948
seed 19949
seed 19950
seed 19951
seed 19952
seed 19953
seed 19954
seed 19955
seed 19956
seed 19957
seed 19958
seed 19959
seed 19960
seed 19961
seed 19962
seed 19963
seed 19964
seed 19965
seed 19966
seed 19967
seed 19968
seed 19969
seed 19970
seed 19971
seed 19972
seed 19973
seed 19974
seed 19975
seed 19976
seed 19977
seed 19978
seed 19979
seed 19980
seed 19981
seed 19982
seed 19983
seed 19984
seed 19985
seed 19986
seed 19987
seed 19988
seed 19989
seed 19990
seed 19991
seed 19992
seed 19993
seed 19994
seed 19995
seed 19996
seed 19997
seed 19998
seed 19999
seed 20000
done: 20000 iterations
